STARTDATE,ENDDATE,CATEGORY,START,STOP,MILES,PURPOSE
11/24/2025 03:01,11/24/2025 04:45,Business,Kannur,Thrissur,6.17,Airport
12/13/2025 23:57,12/14/2025 01:16,Business,Kochi,Bangalore,2.5,Customer Visit
04/30/2025 16:38,04/30/2025 16:51,Personal,Chennai,Thrissur,8.88,Shopping
01/04/2025 05:44,01/04/2025 06:48,Business,Malappuram,Kannur,8.71,Meal
02/22/2025 02:24,02/22/2025 02:46,Personal,Malappuram,Palakkad,28.54,Entertainment
10/02/2025 03:59,10/02/2025 04:57,Personal,Kochi,Hyderabad,29.29,Meal
10/23/2025 06:45,10/23/2025 07:03,Personal,Kozhikode,Kannur,34.5,Customer Visit
02/21/2025 12:17,02/21/2025 13:25,Personal,Malappuram,Trivandrum,13.4,Shopping
12/26/2025 21:41,12/26/2025 22:00,Business,Hyderabad,Trivandrum,6.97,Commute
05/19/2025 20:44,05/19/2025 22:05,Business,Thrissur,Palakkad,9.17,Meeting
06/11/2025 12:17,06/11/2025 12:35,Business,Thrissur,Palakkad,23.46,Commute
11/26/2025 14:09,11/26/2025 14:52,Personal,Trivandrum,Kannur,26.52,Commute
10/26/2025 12:23,10/26/2025 13:01,Personal,Trivandrum,Hyderabad,4.55,Meeting
02/26/2025 04:40,02/26/2025 05:10,Personal,Palakkad,Kochi,14.28,Entertainment
09/28/2025 08:35,09/28/2025 10:35,Personal,Kozhikode,Trivandrum,27.25,Meal
02/27/2025 09:27,02/27/2025 09:57,Personal,Bangalore,Kozhikode,34.06,Office
09/17/2025 03:55,09/17/2025 05:25,Business,Kannur,Hyderabad,6.62,Office
10/04/2025 16:58,10/04/2025 17:08,Personal,Hyderabad,Malappuram,2.15,Meal
06/07/2025 07:03,06/07/2025 07:43,Business,Hyderabad,Kochi,26.02,Airport
09/30/2025 04:08,09/30/2025 05:42,Business,Bangalore,Hyderabad,10.38,Commute
04/19/2025 17:48,04/19/2025 19:31,Personal,Thrissur,Malappuram,34.84,Meal
08/13/2025 16:28,08/13/2025 16:53,Business,Thrissur,Kannur,12.83,Customer Visit
10/29/2025 07:00,10/29/2025 07:19,Business,Kozhikode,Kannur,31.83,Meal
02/06/2025 16:15,02/06/2025 17:00,Business,Bangalore,Thrissur,25.73,Entertainment
05/05/2025 15:51,05/05/2025 16:53,Business,Thrissur,Kochi,23.58,Meal
08/05/2025 13:29,08/05/2025 15:29,Business,Kozhikode,Trivandrum,14.99,Meal
02/25/2025 07:12,02/25/2025 07:46,Business,Chennai,Bangalore,15.63,Shopping
08/25/2025 07:55,08/25/2025 08:14,Business,Bangalore,Hyderabad,3.19,Meeting
02/17/2025 07:10,02/17/2025 08:12,Business,Bangalore,Chennai,30.47,Meeting
03/26/2025 12:00,03/26/2025 12:59,Personal,Kannur,Chennai,15.67,Entertainment
03/21/2025 06:18,03/21/2025 06:55,Business,Kozhikode,Hyderabad,26.56,Meeting
01/26/2025 18:30,01/26/2025 19:44,Business,Chennai,Trivandrum,33.69,Airport
04/06/2025 02:38,04/06/2025 02:56,Business,Thrissur,Bangalore,33.04,Customer Visit
10/24/2025 19:02,10/24/2025 20:31,Personal,Kochi,Bangalore,32.81,Customer Visit
12/09/2025 22:20,12/09/2025 23:00,Business,Kannur,Bangalore,24.0,Shopping
08/23/2025 10:59,08/23/2025 12:45,Personal,Kochi,Kozhikode,22.31,Airport
02/07/2025 17:13,02/07/2025 18:27,Personal,Kannur,Trivandrum,31.01,Customer Visit
07/09/2025 09:10,07/09/2025 10:16,Business,Chennai,Kannur,23.87,Shopping
12/06/2025 03:56,12/06/2025 04:23,Business,Kannur,Kochi,26.37,Office
05/20/2025 09:38,05/20/2025 10:14,Personal,Malappuram,Thrissur,18.43,Shopping
01/27/2025 02:40,01/27/2025 03:44,Business,Kannur,Kozhikode,12.67,Office
11/23/2025 08:10,11/23/2025 09:54,Personal,Bangalore,Hyderabad,20.29,Airport
02/08/2025 22:57,02/08/2025 23:26,Personal,Chennai,Kozhikode,21.01,Office
08/09/2025 04:02,08/09/2025 04:51,Personal,Malappuram,Kozhikode,8.54,Customer Visit
12/08/2025 03:22,12/08/2025 05:11,Business,Chennai,Palakkad,32.51,Customer Visit
03/25/2025 05:56,03/25/2025 06:58,Personal,Kozhikode,Thrissur,27.71,Commute
12/09/2025 23:51,12/10/2025 00:32,Business,Kannur,Trivandrum,14.32,Meeting
08/29/2025 07:12,08/29/2025 09:06,Personal,Bangalore,Malappuram,28.99,Customer Visit
04/25/2025 00:42,04/25/2025 01:16,Personal,Palakkad,Malappuram,30.46,Shopping
06/29/2025 20:32,06/29/2025 21:33,Business,Chennai,Malappuram,5.36,Shopping
04/02/2025 18:16,04/02/2025 18:30,Personal,Kochi,Bangalore,25.91,Meal
08/12/2025 19:32,08/12/2025 19:56,Personal,Palakkad,Thrissur,2.99,Commute
01/01/2025 16:59,01/01/2025 18:52,Personal,Chennai,Thrissur,15.95,Meal
11/16/2025 10:42,11/16/2025 12:40,Personal,Kochi,Malappuram,23.84,Meal
07/26/2025 22:18,07/26/2025 23:38,Personal,Trivandrum,Kannur,23.78,Commute
12/13/2025 23:57,12/14/2025 00:29,Personal,Hyderabad,Kannur,19.86,Meeting
06/05/2025 09:13,06/05/2025 10:18,Personal,Hyderabad,Malappuram,16.3,Customer Visit
09/19/2025 15:50,09/19/2025 17:41,Personal,Trivandrum,Kochi,18.77,Meal
02/17/2025 07:43,02/17/2025 08:32,Business,Thrissur,Kannur,2.32,Customer Visit
09/01/2025 19:54,09/01/2025 21:42,Personal,Kochi,Chennai,31.19,Customer Visit
12/23/2025 12:31,12/23/2025 13:32,Business,Thrissur,Trivandrum,31.4,Airport
08/06/2025 07:11,08/06/2025 09:03,Business,Chennai,Bangalore,20.17,Airport
08/22/2025 04:51,08/22/2025 06:00,Personal,Chennai,Hyderabad,33.33,Entertainment
11/10/2025 23:57,11/11/2025 01:11,Personal,Palakkad,Hyderabad,31.56,Entertainment
08/19/2025 08:48,08/19/2025 09:29,Personal,Kannur,Hyderabad,22.5,Shopping
08/14/2025 02:45,08/14/2025 03:31,Personal,Thrissur,Malappuram,12.21,Airport
03/12/2025 04:14,03/12/2025 05:13,Business,Trivandrum,Kannur,15.4,Meal
10/05/2025 14:26,10/05/2025 14:43,Personal,Thrissur,Bangalore,31.81,Meeting
10/22/2025 12:30,10/22/2025 12:40,Personal,Malappuram,Kannur,30.09,Commute
10/03/2025 23:47,10/04/2025 01:06,Personal,Hyderabad,Thrissur,8.85,Commute
09/06/2025 00:24,09/06/2025 01:17,Personal,Palakkad,Trivandrum,32.3,Meeting
07/21/2025 18:36,07/21/2025 20:10,Personal,Kozhikode,Trivandrum,6.05,Entertainment
04/04/2025 01:16,04/04/2025 02:14,Personal,Malappuram,Thrissur,12.45,Commute
05/23/2025 13:16,05/23/2025 15:12,Business,Kochi,Chennai,26.59,Meeting
06/29/2025 07:41,06/29/2025 07:59,Business,Kozhikode,Kochi,8.18,Meeting
11/15/2025 04:15,11/15/2025 04:41,Business,Bangalore,Kochi,17.08,Shopping
07/08/2025 05:38,07/08/2025 07:05,Personal,Kochi,Thrissur,5.12,Meeting
06/09/2025 18:43,06/09/2025 19:41,Business,Palakkad,Thrissur,21.34,Customer Visit
02/22/2025 22:49,02/22/2025 23:37,Business,Hyderabad,Kochi,13.13,Commute
12/05/2025 11:04,12/05/2025 12:18,Personal,Malappuram,Kozhikode,29.05,Airport
08/10/2025 11:40,08/10/2025 13:36,Personal,Bangalore,Trivandrum,7.4,Shopping
11/12/2025 17:49,11/12/2025 19:00,Personal,Bangalore,Palakkad,12.3,Customer Visit
02/14/2025 08:56,02/14/2025 10:03,Personal,Thrissur,Chennai,12.77,Entertainment
06/16/2025 05:31,06/16/2025 06:08,Personal,Malappuram,Kannur,10.87,Shopping
10/12/2025 00:33,10/12/2025 01:07,Personal,Kochi,Kannur,17.87,Customer Visit
12/20/2025 15:41,12/20/2025 17:22,Business,Bangalore,Chennai,4.62,Customer Visit
07/27/2025 22:15,07/27/2025 23:04,Personal,Hyderabad,Malappuram,20.04,Meal
08/06/2025 23:35,08/07/2025 00:27,Personal,Malappuram,Chennai,11.77,Customer Visit
03/03/2025 23:12,03/04/2025 00:02,Business,Kochi,Hyderabad,7.92,Entertainment
05/22/2025 23:37,05/23/2025 01:24,Business,Chennai,Kannur,29.39,Shopping
04/27/2025 11:11,04/27/2025 11:59,Business,Kozhikode,Hyderabad,10.69,Meeting
10/11/2025 09:44,10/11/2025 10:10,Business,Bangalore,Kochi,20.73,Entertainment
09/03/2025 14:21,09/03/2025 14:54,Personal,Kozhikode,Malappuram,5.32,Airport
07/25/2025 15:04,07/25/2025 16:27,Business,Kozhikode,Thrissur,28.67,Shopping
02/13/2025 07:07,02/13/2025 08:28,Personal,Palakkad,Thrissur,16.59,Entertainment
06/02/2025 18:27,06/02/2025 19:16,Business,Hyderabad,Kozhikode,33.24,Customer Visit
11/17/2025 06:16,11/17/2025 07:50,Business,Kochi,Thrissur,7.32,Airport
03/22/2025 00:26,03/22/2025 01:33,Personal,Hyderabad,Bangalore,2.59,Shopping
12/28/2025 09:44,12/28/2025 11:44,Business,Bangalore,Kochi,32.45,Customer Visit
08/06/2025 03:34,08/06/2025 04:12,Business,Trivandrum,Malappuram,3.89,Office
06/07/2025 19:47,06/07/2025 21:42,Personal,Hyderabad,Kannur,5.67,Shopping
12/25/2025 12:17,12/25/2025 13:31,Personal,Chennai,Bangalore,4.19,Meeting
08/10/2025 23:20,08/11/2025 00:47,Business,Kannur,Kozhikode,9.17,Meeting
12/11/2025 08:36,12/11/2025 08:51,Personal,Trivandrum,Chennai,32.19,Office
10/27/2025 13:40,10/27/2025 15:34,Personal,Bangalore,Kochi,13.16,Meal
06/14/2025 21:06,06/14/2025 23:05,Personal,Trivandrum,Palakkad,24.74,Shopping
12/06/2025 12:52,12/06/2025 14:39,Personal,Chennai,Kozhikode,4.45,Shopping
06/15/2025 03:49,06/15/2025 04:50,Personal,Chennai,Kozhikode,15.34,Customer Visit
09/23/2025 11:39,09/23/2025 13:25,Business,Bangalore,Chennai,8.32,Office
05/28/2025 14:56,05/28/2025 16:35,Business,Bangalore,Kochi,34.1,Customer Visit
12/30/2025 05:19,12/30/2025 06:39,Personal,Kozhikode,Hyderabad,4.62,Airport
08/25/2025 03:41,08/25/2025 05:37,Personal,Trivandrum,Chennai,18.55,Shopping
08/01/2025 15:30,08/01/2025 16:11,Business,Bangalore,Hyderabad,14.35,Office
02/05/2025 08:49,02/05/2025 10:40,Personal,Palakkad,Malappuram,28.99,Shopping
06/02/2025 18:37,06/02/2025 20:11,Personal,Bangalore,Trivandrum,19.54,Meal
06/20/2025 17:48,06/20/2025 19:07,Personal,Palakkad,Chennai,30.63,Customer Visit
10/20/2025 12:14,10/20/2025 14:13,Personal,Palakkad,Kozhikode,26.45,Commute
07/17/2025 21:50,07/17/2025 23:45,Business,Trivandrum,Chennai,5.73,Meal
02/21/2025 14:06,02/21/2025 15:23,Business,Bangalore,Kozhikode,15.23,Office
02/08/2025 15:50,02/08/2025 16:33,Business,Malappuram,Bangalore,30.03,Commute
06/12/2025 20:45,06/12/2025 22:32,Business,Bangalore,Hyderabad,22.18,Customer Visit
11/20/2025 21:58,11/20/2025 22:44,Personal,Thrissur,Kochi,34.27,Airport
08/16/2025 05:44,08/16/2025 06:32,Personal,Kozhikode,Kochi,28.17,Shopping
07/03/2025 11:27,07/03/2025 11:55,Personal,Thrissur,Hyderabad,20.46,Office
03/29/2025 05:05,03/29/2025 06:33,Personal,Palakkad,Thrissur,32.08,Office
04/29/2025 14:40,04/29/2025 15:22,Business,Bangalore,Kannur,31.61,Entertainment
05/28/2025 21:34,05/28/2025 22:04,Personal,Kochi,Chennai,34.59,Shopping
11/24/2025 13:44,11/24/2025 14:26,Business,Bangalore,Kannur,34.98,Entertainment
02/24/2025 07:24,02/24/2025 08:47,Personal,Malappuram,Kannur,2.23,Commute
05/21/2025 00:36,05/21/2025 02:36,Personal,Kozhikode,Chennai,27.49,Customer Visit
11/07/2025 11:14,11/07/2025 12:45,Business,Thrissur,Malappuram,22.55,Meeting
06/08/2025 14:02,06/08/2025 15:26,Business,Malappuram,Trivandrum,31.97,Meal
08/01/2025 05:12,08/01/2025 05:38,Personal,Chennai,Malappuram,29.32,Shopping
09/04/2025 09:47,09/04/2025 10:40,Business,Kochi,Chennai,6.22,Customer Visit
12/13/2025 23:43,12/14/2025 00:43,Business,Chennai,Malappuram,27.99,Meeting
05/16/2025 17:07,05/16/2025 18:15,Personal,Malappuram,Kannur,29.05,Meal
02/25/2025 21:14,02/25/2025 22:24,Personal,Kozhikode,Hyderabad,32.16,Customer Visit
11/28/2025 02:40,11/28/2025 04:35,Personal,Bangalore,Kannur,5.41,Meeting
01/20/2025 09:31,01/20/2025 09:55,Business,Kochi,Kannur,14.52,Meal
12/10/2025 23:44,12/11/2025 01:03,Personal,Palakkad,Trivandrum,23.44,Entertainment
11/12/2025 13:17,11/12/2025 13:31,Personal,Malappuram,Thrissur,16.4,Customer Visit
07/05/2025 03:43,07/05/2025 04:40,Business,Chennai,Malappuram,14.84,Customer Visit
03/04/2025 14:05,03/04/2025 15:39,Business,Thrissur,Kozhikode,27.86,Customer Visit
03/06/2025 18:13,03/06/2025 18:31,Business,Chennai,Thrissur,28.74,Customer Visit
06/18/2025 04:50,06/18/2025 06:16,Business,Kozhikode,Malappuram,34.58,Shopping
03/31/2025 03:42,03/31/2025 05:42,Business,Kozhikode,Thrissur,13.5,Customer Visit
10/29/2025 10:01,10/29/2025 10:33,Business,Kannur,Kozhikode,26.35,Airport
02/02/2025 15:28,02/02/2025 17:17,Business,Malappuram,Hyderabad,16.64,Customer Visit
11/11/2025 01:46,11/11/2025 03:36,Personal,Chennai,Kannur,23.05,Meeting
02/01/2025 15:54,02/01/2025 16:55,Personal,Palakkad,Kochi,25.37,Entertainment
02/07/2025 02:20,02/07/2025 03:47,Business,Trivandrum,Kochi,10.71,Meal
07/15/2025 19:33,07/15/2025 20:20,Personal,Bangalore,Hyderabad,4.82,Airport
12/02/2025 20:56,12/02/2025 22:44,Personal,Chennai,Thrissur,16.63,Customer Visit
07/31/2025 10:52,07/31/2025 12:00,Business,Palakkad,Bangalore,11.97,Meal
12/07/2025 08:23,12/07/2025 08:52,Business,Bangalore,Kochi,29.36,Airport
08/10/2025 03:47,08/10/2025 05:31,Business,Malappuram,Trivandrum,21.15,Meal
12/10/2025 03:26,12/10/2025 04:21,Personal,Palakkad,Kozhikode,21.61,Meal
02/23/2025 18:32,02/23/2025 19:09,Business,Trivandrum,Chennai,29.88,Meal
10/12/2025 11:07,10/12/2025 12:54,Personal,Kannur,Thrissur,29.81,Meeting
11/08/2025 21:53,11/08/2025 23:31,Business,Kannur,Kozhikode,10.65,Shopping
06/23/2025 11:00,06/23/2025 11:33,Business,Trivandrum,Bangalore,6.25,Meeting
02/16/2025 23:33,02/17/2025 00:10,Personal,Palakkad,Bangalore,12.92,Meal
06/09/2025 23:20,06/10/2025 01:09,Business,Hyderabad,Kochi,6.71,Meeting
12/12/2025 02:17,12/12/2025 03:23,Personal,Palakkad,Chennai,15.38,Customer Visit
09/20/2025 03:22,09/20/2025 04:27,Personal,Kochi,Malappuram,19.15,Shopping
01/24/2025 07:25,01/24/2025 08:51,Business,Kozhikode,Kochi,11.6,Customer Visit
03/12/2025 08:18,03/12/2025 09:09,Personal,Kochi,Kozhikode,26.52,Office
03/08/2025 12:34,03/08/2025 14:14,Personal,Thrissur,Hyderabad,3.91,Meeting
08/12/2025 00:29,08/12/2025 00:48,Personal,Malappuram,Bangalore,25.27,Commute
05/29/2025 03:25,05/29/2025 03:37,Personal,Malappuram,Trivandrum,29.37,Meal
02/15/2025 13:54,02/15/2025 14:17,Personal,Thrissur,Bangalore,19.05,Commute
06/08/2025 23:21,06/08/2025 23:59,Business,Malappuram,Trivandrum,18.6,Airport
09/29/2025 16:12,09/29/2025 18:01,Business,Malappuram,Palakkad,9.42,Office
05/12/2025 06:11,05/12/2025 07:38,Business,Trivandrum,Kochi,33.37,Entertainment
08/26/2025 18:48,08/26/2025 20:12,Personal,Bangalore,Malappuram,6.56,Airport
08/29/2025 14:40,08/29/2025 15:28,Personal,Kannur,Kozhikode,18.5,Shopping
08/25/2025 14:02,08/25/2025 14:19,Business,Malappuram,Kannur,23.1,Airport
11/11/2025 19:32,11/11/2025 20:31,Business,Bangalore,Hyderabad,16.57,Customer Visit
06/14/2025 19:30,06/14/2025 20:44,Personal,Trivandrum,Kozhikode,4.97,Meal
02/13/2025 16:41,02/13/2025 17:13,Personal,Kozhikode,Kannur,34.7,Office
07/06/2025 11:58,07/06/2025 12:44,Personal,Palakkad,Bangalore,24.24,Meeting
11/20/2025 20:21,11/20/2025 20:39,Personal,Malappuram,Kochi,11.02,Office
06/20/2025 02:37,06/20/2025 04:11,Personal,Trivandrum,Palakkad,33.92,Commute
03/08/2025 19:45,03/08/2025 20:05,Personal,Kannur,Hyderabad,23.06,Meal
03/07/2025 21:44,03/07/2025 23:40,Personal,Chennai,Kochi,18.53,Meeting
07/05/2025 09:11,07/05/2025 09:48,Business,Malappuram,Chennai,9.09,Office
03/21/2025 02:18,03/21/2025 04:16,Business,Kochi,Hyderabad,23.67,Office
11/02/2025 12:09,11/02/2025 12:39,Personal,Trivandrum,Thrissur,2.96,Meal
12/13/2025 23:15,12/14/2025 00:21,Personal,Hyderabad,Kannur,9.34,Customer Visit
06/08/2025 15:57,06/08/2025 17:53,Personal,Thrissur,Palakkad,16.97,Shopping
07/15/2025 16:33,07/15/2025 17:36,Business,Trivandrum,Kannur,30.75,Meeting
11/25/2025 15:55,11/25/2025 16:52,Business,Chennai,Kochi,11.05,Office
05/20/2025 14:57,05/20/2025 16:12,Business,Trivandrum,Bangalore,33.2,Customer Visit
08/19/2025 11:59,08/19/2025 12:12,Personal,Palakkad,Kozhikode,18.32,Customer Visit
07/17/2025 02:23,07/17/2025 03:01,Business,Kozhikode,Palakkad,29.61,Meal
03/16/2025 04:02,03/16/2025 04:48,Personal,Bangalore,Trivandrum,16.53,Meeting
02/10/2025 00:16,02/10/2025 00:53,Personal,Trivandrum,Hyderabad,5.22,Shopping
05/02/2025 09:07,05/02/2025 09:23,Personal,Thrissur,Bangalore,3.6,Entertainment
11/02/2025 17:01,11/02/2025 18:31,Business,Chennai,Thrissur,11.26,Meeting
11/11/2025 11:15,11/11/2025 12:38,Business,Palakkad,Trivandrum,19.04,Meal
02/04/2025 16:34,02/04/2025 17:48,Business,Chennai,Hyderabad,14.58,Entertainment
01/23/2025 20:24,01/23/2025 21:21,Personal,Kannur,Kozhikode,27.92,Meal
05/04/2025 23:42,05/05/2025 01:12,Business,Kochi,Palakkad,2.99,Meal
11/26/2025 05:53,11/26/2025 07:42,Business,Bangalore,Chennai,28.69,Airport
08/23/2025 01:18,08/23/2025 01:53,Business,Kozhikode,Kannur,12.07,Shopping
09/21/2025 12:52,09/21/2025 14:11,Business,Bangalore,Kannur,26.74,Customer Visit
05/27/2025 11:55,05/27/2025 13:44,Personal,Kozhikode,Palakkad,5.67,Meal
08/12/2025 12:47,08/12/2025 13:53,Business,Palakkad,Malappuram,18.12,Entertainment
07/08/2025 16:17,07/08/2025 18:09,Business,Kochi,Bangalore,15.93,Office
10/07/2025 09:20,10/07/2025 09:43,Personal,Kochi,Palakkad,11.77,Commute
03/27/2025 22:28,03/27/2025 23:22,Personal,Bangalore,Kozhikode,22.1,Commute
05/21/2025 20:50,05/21/2025 21:07,Personal,Kochi,Bangalore,18.69,Office
01/16/2025 04:54,01/16/2025 06:21,Business,Bangalore,Kozhikode,3.75,Meal
07/05/2025 12:36,07/05/2025 12:50,Personal,Hyderabad,Trivandrum,33.29,Meal
08/16/2025 02:36,08/16/2025 03:03,Personal,Chennai,Malappuram,12.03,Shopping
05/08/2025 03:01,05/08/2025 04:45,Personal,Trivandrum,Chennai,32.1,Airport
05/15/2025 08:45,05/15/2025 09:52,Personal,Thrissur,Malappuram,8.21,Office
02/07/2025 14:11,02/07/2025 15:52,Personal,Bangalore,Kochi,23.87,Airport
10/09/2025 17:18,10/09/2025 18:06,Personal,Trivandrum,Thrissur,18.54,Airport
04/13/2025 04:15,04/13/2025 06:06,Personal,Bangalore,Kozhikode,20.06,Meal
08/28/2025 17:08,08/28/2025 18:36,Personal,Kochi,Trivandrum,14.84,Entertainment
09/27/2025 13:49,09/27/2025 14:51,Business,Hyderabad,Kochi,34.07,Airport
08/19/2025 14:43,08/19/2025 15:59,Business,Malappuram,Trivandrum,27.22,Office
08/10/2025 16:58,08/10/2025 17:15,Business,Kochi,Hyderabad,11.69,Office
06/15/2025 22:14,06/15/2025 23:08,Business,Chennai,Kannur,9.9,Shopping
03/06/2025 20:19,03/06/2025 21:47,Business,Chennai,Kochi,21.33,Office
03/29/2025 21:39,03/29/2025 23:21,Business,Hyderabad,Malappuram,29.15,Meeting
02/11/2025 01:41,02/11/2025 03:29,Business,Hyderabad,Kannur,27.19,Commute
11/13/2025 20:01,11/13/2025 21:14,Personal,Chennai,Kannur,17.68,Commute
06/02/2025 14:04,06/02/2025 15:42,Personal,Kozhikode,Thrissur,15.42,Entertainment
04/15/2025 10:38,04/15/2025 11:06,Personal,Malappuram,Palakkad,34.18,Office
07/09/2025 16:35,07/09/2025 16:58,Personal,Malappuram,Thrissur,5.6,Entertainment
05/07/2025 04:06,05/07/2025 04:22,Personal,Kannur,Bangalore,9.82,Office
06/17/2025 18:46,06/17/2025 19:36,Personal,Thrissur,Trivandrum,34.86,Entertainment
09/13/2025 09:31,09/13/2025 09:43,Personal,Kochi,Bangalore,33.88,Customer Visit
10/26/2025 11:03,10/26/2025 11:19,Personal,Kannur,Chennai,11.07,Meeting
02/25/2025 13:08,02/25/2025 13:51,Personal,Malappuram,Bangalore,3.02,Meeting
10/19/2025 17:12,10/19/2025 18:08,Business,Chennai,Kannur,14.44,Entertainment
10/09/2025 08:52,10/09/2025 10:21,Business,Hyderabad,Kochi,34.17,Commute
07/11/2025 10:35,07/11/2025 11:31,Personal,Trivandrum,Kannur,18.25,Meeting
01/20/2025 04:45,01/20/2025 05:37,Personal,Bangalore,Hyderabad,6.49,Office
06/17/2025 19:20,06/17/2025 19:50,Personal,Palakkad,Kannur,18.5,Entertainment
12/29/2025 18:19,12/29/2025 19:29,Personal,Kozhikode,Palakkad,24.07,Commute
10/26/2025 09:50,10/26/2025 11:32,Personal,Kozhikode,Chennai,33.9,Customer Visit
01/27/2025 18:30,01/27/2025 19:01,Business,Chennai,Palakkad,29.03,Customer Visit
01/17/2025 18:44,01/17/2025 19:08,Personal,Thrissur,Kozhikode,12.01,Office
07/31/2025 22:13,07/31/2025 23:15,Business,Chennai,Bangalore,25.14,Customer Visit
10/15/2025 10:42,10/15/2025 11:53,Personal,Chennai,Palakkad,33.55,Entertainment
09/30/2025 10:34,09/30/2025 11:29,Business,Kannur,Chennai,33.57,Shopping
10/13/2025 09:14,10/13/2025 10:02,Personal,Kannur,Thrissur,12.12,Meal
10/14/2025 23:17,10/15/2025 00:03,Personal,Kochi,Hyderabad,31.51,Commute
06/26/2025 04:18,06/26/2025 04:33,Personal,Kannur,Kochi,32.45,Shopping
09/03/2025 06:12,09/03/2025 08:07,Personal,Chennai,Kannur,6.1,Customer Visit
05/05/2025 01:42,05/05/2025 02:59,Business,Thrissur,Kannur,4.86,Meal
08/30/2025 03:43,08/30/2025 05:31,Business,Trivandrum,Kozhikode,15.13,Entertainment
09/02/2025 20:12,09/02/2025 21:58,Personal,Kannur,Palakkad,23.14,Airport
11/30/2025 18:14,11/30/2025 19:32,Personal,Kozhikode,Thrissur,31.06,Office
01/19/2025 12:50,01/19/2025 14:03,Business,Trivandrum,Malappuram,1.81,Airport
06/21/2025 09:29,06/21/2025 11:01,Personal,Chennai,Hyderabad,31.29,Office
09/16/2025 14:17,09/16/2025 14:51,Business,Kochi,Palakkad,25.99,Shopping
04/06/2025 00:47,04/06/2025 01:40,Business,Kannur,Thrissur,21.97,Commute
08/07/2025 16:20,08/07/2025 16:41,Business,Palakkad,Kochi,34.39,Entertainment
06/15/2025 07:00,06/15/2025 07:43,Personal,Palakkad,Thrissur,26.75,Meal
06/04/2025 18:46,06/04/2025 20:09,Personal,Kozhikode,Malappuram,24.71,Meeting
12/08/2025 03:29,12/08/2025 04:18,Personal,Trivandrum,Bangalore,24.62,Shopping
07/08/2025 19:14,07/08/2025 19:52,Business,Trivandrum,Chennai,16.74,Meal
08/01/2025 22:35,08/01/2025 23:45,Business,Chennai,Thrissur,24.29,Airport
09/27/2025 14:33,09/27/2025 16:13,Business,Malappuram,Kochi,3.57,Customer Visit
10/21/2025 17:09,10/21/2025 17:40,Personal,Malappuram,Hyderabad,5.39,Customer Visit
10/26/2025 15:05,10/26/2025 16:20,Personal,Bangalore,Kozhikode,5.92,Commute
08/22/2025 18:03,08/22/2025 19:24,Business,Bangalore,Kannur,14.76,Meeting
04/22/2025 18:04,04/22/2025 18:19,Business,Palakkad,Malappuram,19.63,Meeting
02/05/2025 15:02,02/05/2025 15:48,Business,Palakkad,Trivandrum,27.16,Commute
07/11/2025 12:28,07/11/2025 13:26,Business,Palakkad,Kochi,23.39,Meal
03/02/2025 05:34,03/02/2025 06:34,Business,Chennai,Trivandrum,29.47,Meeting
06/02/2025 14:43,06/02/2025 16:25,Personal,Chennai,Palakkad,29.08,Customer Visit
08/24/2025 11:09,08/24/2025 11:54,Business,Thrissur,Kochi,28.62,Commute
11/11/2025 00:15,11/11/2025 00:51,Business,Kochi,Trivandrum,16.46,Meeting
05/06/2025 23:02,05/07/2025 00:03,Business,Bangalore,Thrissur,26.77,Meeting
03/13/2025 16:18,03/13/2025 16:57,Personal,Hyderabad,Malappuram,9.44,Office
12/05/2025 16:14,12/05/2025 17:16,Business,Kannur,Malappuram,20.15,Office
11/17/2025 21:27,11/17/2025 22:48,Personal,Bangalore,Kozhikode,33.04,Commute
09/26/2025 10:44,09/26/2025 11:47,Personal,Palakkad,Trivandrum,14.11,Entertainment
05/04/2025 07:19,05/04/2025 09:18,Business,Trivandrum,Chennai,20.34,Commute
10/13/2025 16:08,10/13/2025 17:07,Business,Thrissur,Malappuram,12.56,Airport
08/19/2025 11:05,08/19/2025 12:23,Personal,Thrissur,Kozhikode,14.14,Meeting
02/07/2025 06:51,02/07/2025 08:38,Business,Hyderabad,Chennai,17.56,Meal
06/05/2025 00:13,06/05/2025 00:47,Business,Kochi,Chennai,24.8,Customer Visit
07/23/2025 07:35,07/23/2025 08:26,Personal,Kannur,Bangalore,19.38,Meal
06/07/2025 08:23,06/07/2025 09:38,Business,Bangalore,Chennai,28.39,Entertainment
06/13/2025 06:23,06/13/2025 07:13,Business,Palakkad,Kozhikode,26.33,Meeting
05/14/2025 17:59,05/14/2025 19:23,Personal,Hyderabad,Palakkad,6.61,Meal
04/28/2025 12:36,04/28/2025 14:32,Personal,Thrissur,Chennai,10.12,Entertainment
11/25/2025 23:31,11/26/2025 00:39,Business,Trivandrum,Palakkad,6.19,Entertainment
04/05/2025 17:41,04/05/2025 17:58,Business,Chennai,Kozhikode,33.16,Meeting
01/04/2025 13:08,01/04/2025 15:05,Business,Thrissur,Kochi,1.81,Entertainment
07/11/2025 01:39,07/11/2025 03:10,Personal,Hyderabad,Bangalore,2.03,Commute
01/07/2025 00:33,01/07/2025 02:15,Personal,Kannur,Hyderabad,2.07,Commute
04/02/2025 03:58,04/02/2025 04:20,Business,Chennai,Trivandrum,7.93,Shopping
07/01/2025 08:50,07/01/2025 09:50,Personal,Kochi,Palakkad,16.88,Customer Visit
12/23/2025 07:19,12/23/2025 08:56,Business,Kochi,Kozhikode,15.08,Commute
10/10/2025 15:03,10/10/2025 16:34,Business,Kozhikode,Thrissur,18.25,Commute
11/27/2025 10:36,11/27/2025 12:35,Business,Kochi,Hyderabad,9.2,Entertainment
05/19/2025 01:59,05/19/2025 02:18,Business,Kannur,Hyderabad,7.51,Meal
01/09/2025 06:37,01/09/2025 07:05,Personal,Palakkad,Kochi,6.94,Customer Visit
10/18/2025 12:43,10/18/2025 14:02,Business,Malappuram,Bangalore,27.98,Airport
09/14/2025 23:22,09/14/2025 23:38,Business,Kochi,Bangalore,29.6,Meal
11/06/2025 19:38,11/06/2025 20:38,Personal,Malappuram,Kozhikode,27.75,Entertainment
09/09/2025 07:22,09/09/2025 08:42,Business,Palakkad,Bangalore,24.27,Commute
02/13/2025 19:18,02/13/2025 21:10,Business,Thrissur,Kochi,10.48,Commute
12/31/2025 20:09,12/31/2025 21:53,Personal,Palakkad,Malappuram,5.07,Meeting
06/07/2025 14:23,06/07/2025 16:10,Business,Kannur,Kochi,4.42,Commute
08/18/2025 17:35,08/18/2025 18:50,Business,Palakkad,Kochi,4.5,Airport
11/02/2025 19:50,11/02/2025 20:41,Personal,Palakkad,Kozhikode,15.36,Airport
10/14/2025 07:36,10/14/2025 08:52,Business,Trivandrum,Bangalore,6.15,Shopping
05/18/2025 15:09,05/18/2025 15:27,Personal,Trivandrum,Bangalore,15.61,Entertainment
02/09/2025 11:16,02/09/2025 11:57,Personal,Bangalore,Thrissur,5.08,Shopping
01/04/2025 12:21,01/04/2025 14:18,Personal,Hyderabad,Palakkad,16.25,Commute
11/30/2025 19:08,11/30/2025 19:56,Personal,Malappuram,Thrissur,12.03,Commute
06/13/2025 09:47,06/13/2025 11:25,Personal,Bangalore,Thrissur,14.1,Commute
07/06/2025 03:59,07/06/2025 05:21,Business,Thrissur,Hyderabad,24.34,Meeting
08/25/2025 22:13,08/25/2025 23:19,Personal,Kannur,Kochi,24.04,Office
11/21/2025 09:15,11/21/2025 09:57,Personal,Trivandrum,Bangalore,3.98,Entertainment
10/26/2025 12:34,10/26/2025 13:48,Business,Palakkad,Hyderabad,27.99,Meal
12/26/2025 17:38,12/26/2025 19:09,Business,Kochi,Trivandrum,23.53,Meal
03/27/2025 20:39,03/27/2025 20:54,Personal,Hyderabad,Palakkad,33.85,Commute
02/24/2025 00:06,02/24/2025 00:49,Business,Thrissur,Hyderabad,16.43,Commute
08/26/2025 21:37,08/26/2025 23:15,Personal,Chennai,Trivandrum,34.92,Entertainment
02/23/2025 09:26,02/23/2025 09:46,Personal,Kochi,Thrissur,11.95,Entertainment
04/16/2025 16:30,04/16/2025 17:24,Personal,Bangalore,Kochi,25.69,Entertainment
06/13/2025 02:19,06/13/2025 02:34,Personal,Kochi,Kozhikode,23.21,Office
05/05/2025 16:11,05/05/2025 17:31,Personal,Trivandrum,Palakkad,33.61,Customer Visit
07/27/2025 20:11,07/27/2025 20:44,Business,Palakkad,Bangalore,26.2,Customer Visit
08/19/2025 18:27,08/19/2025 19:26,Business,Kozhikode,Kannur,10.82,Airport
10/23/2025 03:51,10/23/2025 05:09,Personal,Trivandrum,Palakkad,8.1,Airport
05/15/2025 21:55,05/15/2025 23:07,Personal,Chennai,Malappuram,21.98,Airport
06/28/2025 11:54,06/28/2025 13:02,Personal,Hyderabad,Trivandrum,32.28,Airport
12/11/2025 04:20,12/11/2025 04:45,Business,Thrissur,Malappuram,7.63,Office
09/19/2025 12:26,09/19/2025 13:52,Personal,Trivandrum,Bangalore,7.72,Office
10/12/2025 05:31,10/12/2025 06:17,Personal,Trivandrum,Thrissur,29.71,Meeting
07/03/2025 00:31,07/03/2025 00:58,Personal,Thrissur,Bangalore,15.21,Entertainment
08/01/2025 22:53,08/01/2025 23:59,Business,Bangalore,Trivandrum,20.44,Customer Visit
05/30/2025 01:17,05/30/2025 01:55,Business,Chennai,Kannur,27.65,Entertainment
10/09/2025 16:07,10/09/2025 17:30,Personal,Kochi,Malappuram,19.66,Meeting
08/14/2025 17:13,08/14/2025 18:17,Personal,Kochi,Kannur,30.81,Meeting
08/19/2025 08:22,08/19/2025 10:22,Business,Kochi,Chennai,27.48,Customer Visit
04/18/2025 23:37,04/19/2025 01:15,Business,Malappuram,Bangalore,22.14,Customer Visit
04/16/2025 01:36,04/16/2025 02:30,Business,Chennai,Kannur,12.34,Shopping
05/29/2025 18:17,05/29/2025 20:16,Business,Chennai,Kochi,33.75,Commute
01/31/2025 08:55,01/31/2025 10:28,Business,Trivandrum,Thrissur,6.4,Meal
05/07/2025 21:25,05/07/2025 22:37,Personal,Trivandrum,Malappuram,14.07,Airport
11/21/2025 02:25,11/21/2025 03:40,Personal,Kannur,Palakkad,33.33,Meal
10/25/2025 00:55,10/25/2025 02:44,Personal,Kochi,Chennai,29.98,Commute
04/22/2025 13:52,04/22/2025 14:29,Personal,Bangalore,Kannur,29.25,Meal
10/08/2025 18:08,10/08/2025 19:30,Business,Bangalore,Malappuram,3.04,Entertainment
01/09/2025 03:59,01/09/2025 05:58,Personal,Trivandrum,Chennai,1.52,Commute
04/14/2025 22:58,04/14/2025 23:24,Personal,Kannur,Trivandrum,4.63,Meal
05/09/2025 02:23,05/09/2025 03:58,Personal,Trivandrum,Kozhikode,22.46,Customer Visit
08/08/2025 20:05,08/08/2025 21:45,Business,Kochi,Kozhikode,17.47,Office
10/31/2025 07:33,10/31/2025 09:10,Business,Bangalore,Kozhikode,24.8,Airport
08/05/2025 22:08,08/05/2025 23:19,Personal,Kochi,Kannur,4.49,Airport
02/22/2025 10:23,02/22/2025 11:11,Business,Trivandrum,Bangalore,22.99,Office
02/05/2025 16:36,02/05/2025 16:47,Personal,Hyderabad,Trivandrum,13.26,Customer Visit
11/18/2025 23:09,11/19/2025 00:11,Business,Hyderabad,Bangalore,4.4,Airport
03/13/2025 03:37,03/13/2025 05:20,Personal,Palakkad,Malappuram,12.04,Office
05/07/2025 08:41,05/07/2025 09:01,Personal,Thrissur,Hyderabad,27.6,Meeting
12/04/2025 09:13,12/04/2025 10:29,Business,Hyderabad,Chennai,26.55,Shopping
11/27/2025 01:50,11/27/2025 03:41,Personal,Thrissur,Chennai,5.28,Entertainment
11/23/2025 19:04,11/23/2025 20:21,Personal,Kozhikode,Palakkad,5.92,Commute
07/07/2025 17:43,07/07/2025 18:15,Business,Bangalore,Kochi,21.18,Meeting
05/15/2025 06:02,05/15/2025 06:19,Personal,Palakkad,Hyderabad,22.56,Commute
08/05/2025 22:25,08/05/2025 22:45,Business,Chennai,Hyderabad,10.8,Shopping
02/10/2025 16:58,02/10/2025 17:34,Personal,Trivandrum,Hyderabad,14.59,Airport
06/08/2025 22:27,06/09/2025 00:10,Business,Thrissur,Kozhikode,4.39,Commute
03/01/2025 14:39,03/01/2025 16:06,Business,Kozhikode,Malappuram,5.5,Office
12/26/2025 00:10,12/26/2025 01:23,Personal,Malappuram,Hyderabad,7.09,Office
05/18/2025 23:56,05/19/2025 00:21,Personal,Kozhikode,Palakkad,10.61,Airport
05/15/2025 22:36,05/16/2025 00:06,Personal,Kochi,Chennai,18.61,Meeting
09/13/2025 18:10,09/13/2025 19:07,Business,Trivandrum,Malappuram,31.46,Airport
04/27/2025 23:32,04/27/2025 23:42,Business,Kozhikode,Kochi,3.04,Meal
07/16/2025 04:11,07/16/2025 06:10,Personal,Kozhikode,Hyderabad,9.02,Customer Visit
08/02/2025 23:20,08/03/2025 00:04,Business,Kochi,Palakkad,18.32,Meeting
04/02/2025 07:51,04/02/2025 09:07,Business,Kozhikode,Bangalore,30.88,Shopping
06/09/2025 10:05,06/09/2025 11:25,Personal,Bangalore,Kozhikode,8.22,Shopping
11/15/2025 07:29,11/15/2025 08:26,Business,Hyderabad,Bangalore,26.04,Customer Visit
03/19/2025 00:59,03/19/2025 02:01,Personal,Kozhikode,Kannur,22.8,Meeting
06/21/2025 00:48,06/21/2025 02:22,Business,Palakkad,Kannur,8.37,Customer Visit
08/03/2025 15:03,08/03/2025 15:31,Business,Kannur,Kochi,32.36,Commute
12/25/2025 11:29,12/25/2025 13:14,Business,Kochi,Trivandrum,22.85,Commute
02/08/2025 18:36,02/08/2025 18:53,Business,Palakkad,Trivandrum,11.27,Meal
07/21/2025 22:53,07/22/2025 00:37,Personal,Malappuram,Palakkad,10.61,Airport
04/14/2025 04:49,04/14/2025 06:37,Business,Hyderabad,Kochi,5.04,Entertainment
08/27/2025 10:26,08/27/2025 10:51,Business,Chennai,Malappuram,16.64,Entertainment
05/16/2025 03:05,05/16/2025 03:35,Business,Kannur,Kozhikode,29.5,Meal
03/17/2025 02:45,03/17/2025 03:26,Business,Malappuram,Bangalore,24.19,Shopping
03/31/2025 00:25,03/31/2025 02:24,Business,Bangalore,Hyderabad,4.67,Airport
03/13/2025 03:00,03/13/2025 03:17,Business,Thrissur,Trivandrum,29.09,Meal
12/18/2025 20:41,12/18/2025 21:01,Business,Hyderabad,Kannur,2.23,Airport
04/12/2025 20:28,04/12/2025 22:21,Personal,Trivandrum,Kochi,5.6,Entertainment
01/26/2025 05:59,01/26/2025 07:22,Personal,Palakkad,Bangalore,2.49,Commute
03/30/2025 11:13,03/30/2025 11:46,Personal,Kannur,Malappuram,31.09,Meeting
11/11/2025 19:39,11/11/2025 20:20,Personal,Kannur,Chennai,31.07,Entertainment
02/01/2025 02:17,02/01/2025 03:16,Business,Trivandrum,Bangalore,23.03,Customer Visit
11/19/2025 17:50,11/19/2025 18:02,Personal,Palakkad,Malappuram,19.74,Entertainment
06/26/2025 18:32,06/26/2025 19:23,Business,Palakkad,Kannur,2.37,Customer Visit
01/16/2025 08:03,01/16/2025 09:56,Personal,Bangalore,Hyderabad,27.19,Customer Visit
03/23/2025 03:15,03/23/2025 04:49,Business,Thrissur,Malappuram,27.1,Customer Visit
10/22/2025 12:22,10/22/2025 14:19,Business,Trivandrum,Thrissur,21.35,Meal
10/30/2025 00:45,10/30/2025 02:24,Business,Malappuram,Trivandrum,29.53,Entertainment
10/05/2025 09:11,10/05/2025 10:23,Business,Kozhikode,Trivandrum,9.29,Customer Visit
01/11/2025 16:30,01/11/2025 16:40,Business,Malappuram,Thrissur,12.92,Office
06/15/2025 01:01,06/15/2025 01:29,Business,Hyderabad,Trivandrum,29.86,Meal
02/07/2025 11:45,02/07/2025 13:19,Personal,Palakkad,Kochi,11.61,Office
03/22/2025 23:27,03/23/2025 01:18,Business,Bangalore,Malappuram,25.19,Meal
04/25/2025 21:37,04/25/2025 23:31,Personal,Trivandrum,Bangalore,26.09,Shopping
03/07/2025 05:46,03/07/2025 05:56,Business,Hyderabad,Palakkad,7.6,Meal
11/10/2025 07:40,11/10/2025 09:02,Business,Kochi,Chennai,12.59,Airport
05/02/2025 11:20,05/02/2025 11:51,Personal,Kochi,Palakkad,1.88,Customer Visit
05/08/2025 22:04,05/08/2025 22:58,Business,Kannur,Kochi,3.11,Entertainment
08/03/2025 05:56,08/03/2025 06:58,Personal,Bangalore,Palakkad,19.79,Airport
09/03/2025 18:41,09/03/2025 20:28,Personal,Thrissur,Trivandrum,3.97,Meeting
05/31/2025 00:20,05/31/2025 01:03,Personal,Kochi,Trivandrum,7.2,Commute
03/24/2025 23:04,03/25/2025 00:24,Personal,Kochi,Palakkad,25.1,Commute
12/01/2025 05:38,12/01/2025 06:43,Business,Trivandrum,Kozhikode,12.59,Customer Visit
07/29/2025 22:35,07/30/2025 00:17,Personal,Chennai,Kannur,11.46,Airport
01/26/2025 12:36,01/26/2025 13:56,Business,Bangalore,Trivandrum,13.59,Commute
02/14/2025 09:52,02/14/2025 11:26,Business,Hyderabad,Bangalore,4.75,Customer Visit
03/29/2025 20:18,03/29/2025 20:38,Personal,Bangalore,Kochi,27.79,Entertainment
09/08/2025 21:16,09/08/2025 21:37,Business,Chennai,Palakkad,13.93,Commute
07/09/2025 05:28,07/09/2025 05:43,Personal,Kannur,Chennai,10.32,Shopping
10/16/2025 01:09,10/16/2025 02:55,Personal,Kochi,Trivandrum,28.57,Commute
10/29/2025 07:35,10/29/2025 07:52,Personal,Palakkad,Hyderabad,33.85,Entertainment
10/21/2025 07:30,10/21/2025 08:18,Business,Kochi,Bangalore,18.32,Office
03/03/2025 14:11,03/03/2025 14:42,Business,Thrissur,Kannur,2.93,Airport
12/16/2025 13:12,12/16/2025 15:07,Personal,Trivandrum,Malappuram,32.01,Airport
02/14/2025 12:35,02/14/2025 13:35,Personal,Chennai,Malappuram,18.91,Meeting
12/25/2025 19:37,12/25/2025 20:53,Personal,Palakkad,Kochi,6.51,Airport
02/24/2025 18:49,02/24/2025 19:11,Personal,Kannur,Hyderabad,30.91,Shopping
07/16/2025 20:31,07/16/2025 21:54,Business,Hyderabad,Bangalore,7.27,Commute
03/15/2025 19:38,03/15/2025 21:15,Personal,Palakkad,Kozhikode,31.3,Meal
12/20/2025 07:03,12/20/2025 08:48,Personal,Bangalore,Kannur,2.18,Shopping
06/09/2025 08:53,06/09/2025 10:05,Business,Kochi,Kannur,11.57,Entertainment
06/14/2025 08:46,06/14/2025 09:49,Business,Hyderabad,Kochi,16.3,Commute
09/06/2025 16:55,09/06/2025 17:52,Business,Kozhikode,Hyderabad,3.7,Commute
03/11/2025 16:56,03/11/2025 18:18,Business,Kozhikode,Thrissur,30.82,Customer Visit
01/30/2025 07:02,01/30/2025 08:10,Business,Kozhikode,Palakkad,10.68,Entertainment
09/16/2025 12:40,09/16/2025 13:05,Personal,Kozhikode,Kannur,17.87,Entertainment
04/01/2025 15:37,04/01/2025 16:57,Business,Malappuram,Palakkad,29.56,Shopping
12/19/2025 02:18,12/19/2025 02:31,Business,Palakkad,Kozhikode,30.1,Customer Visit
04/24/2025 20:14,04/24/2025 21:50,Personal,Thrissur,Malappuram,18.69,Meeting
08/31/2025 04:41,08/31/2025 05:13,Business,Hyderabad,Kozhikode,9.96,Shopping
12/31/2025 22:41,12/31/2025 23:26,Personal,Palakkad,Bangalore,16.88,Customer Visit
08/27/2025 09:43,08/27/2025 10:59,Business,Hyderabad,Palakkad,1.75,Meal
10/15/2025 20:38,10/15/2025 22:05,Business,Kannur,Malappuram,17.64,Meal
05/22/2025 20:20,05/22/2025 22:20,Personal,Kannur,Malappuram,7.81,Customer Visit
01/30/2025 19:25,01/30/2025 20:59,Business,Malappuram,Trivandrum,23.46,Shopping
05/13/2025 13:25,05/13/2025 14:24,Personal,Kozhikode,Kannur,25.84,Customer Visit
12/18/2025 17:40,12/18/2025 19:30,Personal,Bangalore,Malappuram,29.82,Office
05/31/2025 03:30,05/31/2025 03:56,Business,Kannur,Hyderabad,33.22,Meal
12/02/2025 02:14,12/02/2025 03:09,Personal,Thrissur,Malappuram,27.9,Meal
07/10/2025 08:37,07/10/2025 09:24,Personal,Bangalore,Kochi,3.3,Airport
08/30/2025 06:32,08/30/2025 06:57,Personal,Palakkad,Hyderabad,15.34,Office
03/12/2025 06:21,03/12/2025 07:23,Business,Hyderabad,Bangalore,12.1,Office
02/11/2025 15:21,02/11/2025 16:51,Business,Trivandrum,Palakkad,1.66,Shopping
04/18/2025 05:36,04/18/2025 07:23,Business,Trivandrum,Chennai,5.84,Commute
11/21/2025 13:25,11/21/2025 14:29,Business,Bangalore,Palakkad,2.76,Customer Visit
07/11/2025 00:57,07/11/2025 01:48,Business,Chennai,Thrissur,24.17,Customer Visit
04/26/2025 22:56,04/26/2025 23:50,Business,Kannur,Trivandrum,14.35,Shopping
03/27/2025 02:52,03/27/2025 03:07,Personal,Kannur,Malappuram,25.88,Meal
08/11/2025 21:08,08/11/2025 22:01,Business,Bangalore,Malappuram,7.02,Commute
01/10/2025 07:14,01/10/2025 08:57,Business,Trivandrum,Kannur,21.25,Office
03/05/2025 11:45,03/05/2025 13:18,Personal,Kozhikode,Bangalore,27.34,Meeting
11/01/2025 01:42,11/01/2025 02:05,Business,Kozhikode,Kochi,15.46,Commute
03/05/2025 17:16,03/05/2025 18:26,Business,Trivandrum,Kannur,11.59,Airport
12/06/2025 16:17,12/06/2025 17:46,Personal,Hyderabad,Trivandrum,29.33,Airport
09/19/2025 23:39,09/20/2025 00:04,Business,Kannur,Kochi,18.17,Customer Visit
05/15/2025 16:12,05/15/2025 17:07,Business,Palakkad,Kannur,2.82,Entertainment
04/17/2025 22:59,04/18/2025 00:10,Business,Malappuram,Thrissur,1.93,Airport
02/26/2025 18:42,02/26/2025 19:55,Business,Trivandrum,Kochi,25.74,Airport
05/12/2025 20:14,05/12/2025 21:22,Personal,Kannur,Malappuram,3.18,Office
01/21/2025 09:23,01/21/2025 11:15,Business,Malappuram,Bangalore,4.68,Meeting
01/05/2025 04:42,01/05/2025 06:14,Personal,Trivandrum,Palakkad,31.47,Shopping
02/17/2025 11:52,02/17/2025 12:45,Personal,Trivandrum,Kochi,14.91,Entertainment
05/20/2025 12:44,05/20/2025 14:42,Business,Bangalore,Palakkad,5.29,Meeting
03/23/2025 03:26,03/23/2025 04:51,Business,Bangalore,Chennai,21.98,Meal
11/10/2025 00:55,11/10/2025 02:32,Personal,Trivandrum,Chennai,5.28,Commute
08/14/2025 01:04,08/14/2025 01:47,Business,Malappuram,Kozhikode,34.26,Meal
09/23/2025 16:44,09/23/2025 18:23,Personal,Hyderabad,Kochi,23.67,Customer Visit
09/04/2025 11:42,09/04/2025 13:18,Business,Palakkad,Trivandrum,1.89,Office
09/16/2025 15:54,09/16/2025 17:07,Personal,Trivandrum,Kochi,12.24,Meal
05/23/2025 01:32,05/23/2025 02:10,Personal,Chennai,Palakkad,28.87,Airport
08/24/2025 14:51,08/24/2025 16:14,Personal,Bangalore,Kochi,16.48,Airport
09/12/2025 23:41,09/12/2025 23:53,Personal,Kochi,Bangalore,2.7,Meeting
02/16/2025 19:39,02/16/2025 21:10,Business,Kannur,Hyderabad,23.43,Entertainment
06/24/2025 11:52,06/24/2025 12:08,Personal,Thrissur,Chennai,20.27,Entertainment
12/03/2025 11:45,12/03/2025 12:52,Business,Kochi,Trivandrum,1.57,Meal
11/21/2025 09:35,11/21/2025 10:51,Business,Malappuram,Kochi,31.55,Entertainment
03/13/2025 22:47,03/14/2025 00:29,Personal,Palakkad,Kochi,21.96,Customer Visit
03/03/2025 12:13,03/03/2025 13:21,Business,Thrissur,Palakkad,26.86,Meeting
11/21/2025 21:37,11/21/2025 22:02,Business,Bangalore,Chennai,33.79,Meeting
09/29/2025 23:03,09/30/2025 00:23,Business,Palakkad,Chennai,24.68,Office
03/07/2025 03:24,03/07/2025 04:58,Personal,Hyderabad,Malappuram,15.53,Customer Visit
05/21/2025 12:21,05/21/2025 13:08,Business,Bangalore,Trivandrum,15.33,Shopping
12/26/2025 17:55,12/26/2025 18:45,Business,Chennai,Thrissur,8.53,Shopping
12/18/2025 11:58,12/18/2025 13:34,Personal,Trivandrum,Thrissur,25.3,Meal
10/15/2025 15:37,10/15/2025 17:00,Personal,Palakkad,Hyderabad,30.9,Commute
01/07/2025 16:06,01/07/2025 16:19,Business,Palakkad,Trivandrum,23.95,Customer Visit
05/17/2025 05:18,05/17/2025 06:55,Business,Kannur,Trivandrum,24.63,Shopping
04/15/2025 17:02,04/15/2025 17:57,Business,Bangalore,Kochi,26.37,Commute
05/02/2025 16:50,05/02/2025 18:41,Personal,Kannur,Kozhikode,14.48,Meal
10/10/2025 01:00,10/10/2025 02:45,Personal,Kannur,Thrissur,29.3,Meal
10/29/2025 17:47,10/29/2025 19:14,Personal,Thrissur,Kannur,16.54,Airport
04/06/2025 05:47,04/06/2025 07:02,Business,Kochi,Bangalore,15.86,Shopping
03/08/2025 05:37,03/08/2025 07:35,Personal,Kannur,Kozhikode,17.12,Office
01/21/2025 04:59,01/21/2025 05:50,Personal,Hyderabad,Kozhikode,17.93,Meal
02/07/2025 22:20,02/07/2025 23:37,Business,Thrissur,Trivandrum,27.84,Office
08/01/2025 17:34,08/01/2025 18:35,Business,Kochi,Palakkad,31.09,Meal
06/19/2025 11:18,06/19/2025 11:55,Personal,Hyderabad,Chennai,34.89,Meeting
02/28/2025 21:22,02/28/2025 22:29,Business,Thrissur,Kannur,24.37,Meal
07/15/2025 03:24,07/15/2025 04:06,Business,Chennai,Kannur,32.03,Meal
09/21/2025 16:28,09/21/2025 17:40,Business,Kozhikode,Malappuram,12.23,Airport
02/19/2025 05:49,02/19/2025 07:07,Business,Chennai,Kozhikode,8.56,Customer Visit
12/17/2025 13:53,12/17/2025 14:16,Personal,Thrissur,Hyderabad,23.16,Airport
12/18/2025 04:01,12/18/2025 05:09,Business,Malappuram,Kozhikode,3.95,Office
05/09/2025 17:04,05/09/2025 18:27,Personal,Thrissur,Malappuram,14.5,Commute
08/10/2025 10:01,08/10/2025 11:00,Business,Kochi,Hyderabad,22.99,Airport
10/27/2025 01:44,10/27/2025 03:42,Business,Kochi,Palakkad,11.21,Shopping
11/07/2025 02:18,11/07/2025 04:05,Personal,Bangalore,Palakkad,29.04,Meeting
08/31/2025 05:34,08/31/2025 06:12,Personal,Trivandrum,Bangalore,33.66,Office
06/02/2025 21:56,06/02/2025 23:47,Business,Malappuram,Kozhikode,5.63,Meeting
10/21/2025 19:25,10/21/2025 20:43,Personal,Chennai,Kochi,8.54,Meal
04/19/2025 13:57,04/19/2025 15:29,Business,Chennai,Trivandrum,7.66,Shopping
04/10/2025 03:11,04/10/2025 04:46,Personal,Hyderabad,Kozhikode,23.1,Airport
05/29/2025 21:04,05/29/2025 21:46,Personal,Kochi,Kannur,33.38,Meal
03/07/2025 21:41,03/07/2025 22:21,Business,Kochi,Malappuram,31.65,Meal
09/06/2025 14:21,09/06/2025 15:49,Personal,Kannur,Trivandrum,28.56,Commute
03/28/2025 00:20,03/28/2025 01:01,Personal,Thrissur,Bangalore,29.64,Office
12/14/2025 23:21,12/15/2025 00:32,Personal,Bangalore,Chennai,27.45,Entertainment
10/10/2025 03:11,10/10/2025 04:43,Personal,Hyderabad,Kochi,30.27,Office
10/03/2025 06:16,10/03/2025 07:59,Business,Kochi,Trivandrum,29.96,Meeting
10/25/2025 18:25,10/25/2025 20:13,Business,Hyderabad,Thrissur,19.98,Entertainment
12/01/2025 04:23,12/01/2025 05:23,Business,Thrissur,Malappuram,17.07,Airport
07/23/2025 11:32,07/23/2025 11:43,Business,Thrissur,Trivandrum,16.45,Office
10/17/2025 18:42,10/17/2025 19:10,Business,Bangalore,Malappuram,8.83,Entertainment
04/29/2025 02:16,04/29/2025 03:13,Business,Thrissur,Kozhikode,18.85,Meal
07/18/2025 15:58,07/18/2025 17:06,Personal,Kozhikode,Kochi,4.96,Shopping
05/15/2025 18:34,05/15/2025 19:56,Personal,Trivandrum,Bangalore,13.74,Airport
09/22/2025 08:24,09/22/2025 09:02,Personal,Chennai,Palakkad,28.88,Meal
09/07/2025 15:56,09/07/2025 17:23,Business,Kozhikode,Hyderabad,16.24,Customer Visit
02/09/2025 16:41,02/09/2025 17:26,Business,Thrissur,Trivandrum,6.77,Airport
12/05/2025 07:26,12/05/2025 09:19,Personal,Malappuram,Kochi,24.12,Entertainment
04/18/2025 18:10,04/18/2025 19:42,Business,Palakkad,Kozhikode,2.95,Office
03/10/2025 20:32,03/10/2025 20:47,Business,Hyderabad,Trivandrum,7.07,Office
09/22/2025 12:38,09/22/2025 14:00,Business,Kozhikode,Malappuram,8.76,Entertainment
09/04/2025 05:14,09/04/2025 07:10,Business,Palakkad,Trivandrum,22.38,Shopping
03/27/2025 23:43,03/28/2025 00:36,Business,Bangalore,Kochi,14.17,Office
02/25/2025 00:12,02/25/2025 01:28,Business,Chennai,Palakkad,21.78,Office
09/01/2025 19:38,09/01/2025 19:52,Business,Chennai,Hyderabad,4.62,Office
11/05/2025 17:52,11/05/2025 18:02,Personal,Palakkad,Hyderabad,13.91,Meeting
12/24/2025 16:27,12/24/2025 17:06,Personal,Bangalore,Palakkad,21.23,Airport
08/06/2025 04:16,08/06/2025 05:27,Personal,Thrissur,Kochi,21.54,Commute
05/12/2025 06:00,05/12/2025 07:40,Business,Kozhikode,Hyderabad,18.91,Commute
12/02/2025 06:44,12/02/2025 08:36,Personal,Malappuram,Bangalore,5.07,Commute
11/30/2025 18:16,11/30/2025 18:59,Personal,Chennai,Palakkad,22.0,Commute
04/15/2025 13:35,04/15/2025 15:25,Business,Chennai,Bangalore,13.9,Entertainment
05/10/2025 09:36,05/10/2025 10:30,Business,Palakkad,Trivandrum,26.55,Entertainment
12/25/2025 05:06,12/25/2025 05:43,Personal,Chennai,Palakkad,28.33,Meeting
03/24/2025 12:40,03/24/2025 12:50,Personal,Kochi,Thrissur,32.52,Commute
02/15/2025 02:16,02/15/2025 02:54,Business,Malappuram,Kochi,25.77,Commute
11/11/2025 20:33,11/11/2025 21:19,Business,Hyderabad,Kozhikode,22.95,Entertainment
01/06/2025 06:54,01/06/2025 08:28,Business,Chennai,Kannur,2.63,Customer Visit
11/11/2025 05:43,11/11/2025 05:57,Business,Malappuram,Thrissur,34.18,Airport
05/22/2025 12:22,05/22/2025 13:57,Business,Palakkad,Bangalore,18.84,Airport
02/16/2025 17:18,02/16/2025 19:00,Personal,Chennai,Malappuram,33.77,Shopping
04/26/2025 19:12,04/26/2025 20:20,Personal,Palakkad,Kozhikode,7.36,Airport
10/14/2025 02:32,10/14/2025 03:19,Personal,Malappuram,Kochi,30.85,Shopping
12/22/2025 14:24,12/22/2025 15:46,Personal,Bangalore,Thrissur,33.7,Entertainment
12/15/2025 14:57,12/15/2025 16:22,Business,Kozhikode,Chennai,10.14,Commute
11/21/2025 07:43,11/21/2025 09:22,Personal,Thrissur,Palakkad,33.51,Meeting
12/25/2025 08:15,12/25/2025 09:01,Personal,Kochi,Bangalore,4.05,Office
09/01/2025 10:22,09/01/2025 10:59,Business,Hyderabad,Kannur,33.23,Customer Visit
09/13/2025 23:12,09/13/2025 23:52,Business,Thrissur,Malappuram,9.18,Customer Visit
11/13/2025 11:09,11/13/2025 12:58,Business,Kochi,Trivandrum,24.14,Entertainment
11/11/2025 00:48,11/11/2025 02:47,Personal,Chennai,Kozhikode,13.94,Meal
09/10/2025 18:55,09/10/2025 19:40,Personal,Bangalore,Trivandrum,14.83,Office
01/28/2025 16:51,01/28/2025 17:55,Business,Bangalore,Hyderabad,18.33,Commute
12/18/2025 05:29,12/18/2025 05:54,Personal,Chennai,Bangalore,24.59,Meeting
12/12/2025 06:24,12/12/2025 07:48,Personal,Kochi,Palakkad,22.03,Shopping
04/06/2025 17:16,04/06/2025 17:56,Personal,Kannur,Chennai,13.76,Entertainment
08/06/2025 06:26,08/06/2025 08:05,Personal,Malappuram,Palakkad,10.87,Office
10/20/2025 04:36,10/20/2025 06:13,Personal,Thrissur,Kochi,28.44,Commute
07/15/2025 06:09,07/15/2025 08:01,Business,Trivandrum,Chennai,7.42,Entertainment
03/10/2025 20:33,03/10/2025 21:51,Personal,Malappuram,Chennai,9.91,Meeting
07/23/2025 03:44,07/23/2025 04:14,Personal,Kozhikode,Kannur,17.46,Airport
08/19/2025 23:21,08/20/2025 00:04,Personal,Malappuram,Palakkad,13.03,Commute
03/04/2025 11:55,03/04/2025 13:31,Business,Hyderabad,Thrissur,34.31,Shopping
07/01/2025 10:43,07/01/2025 11:58,Business,Bangalore,Chennai,14.27,Shopping
08/26/2025 20:09,08/26/2025 20:40,Personal,Malappuram,Bangalore,29.94,Airport
02/10/2025 05:21,02/10/2025 06:00,Personal,Malappuram,Palakkad,25.3,Commute
05/19/2025 14:49,05/19/2025 16:49,Personal,Malappuram,Hyderabad,15.37,Office
01/12/2025 04:46,01/12/2025 05:26,Business,Kannur,Kochi,7.09,Airport
02/18/2025 02:59,02/18/2025 04:09,Business,Chennai,Kozhikode,27.33,Airport
02/23/2025 08:39,02/23/2025 09:08,Personal,Kochi,Bangalore,9.18,Shopping
08/15/2025 20:08,08/15/2025 20:34,Business,Chennai,Trivandrum,2.68,Meal
06/16/2025 15:29,06/16/2025 16:48,Personal,Kannur,Hyderabad,6.03,Office
10/30/2025 19:29,10/30/2025 20:59,Personal,Hyderabad,Palakkad,31.95,Entertainment
10/04/2025 07:51,10/04/2025 08:12,Personal,Bangalore,Kannur,15.31,Office
06/05/2025 00:00,06/05/2025 01:16,Personal,Trivandrum,Palakkad,17.22,Meeting
12/19/2025 15:48,12/19/2025 16:59,Personal,Kannur,Kozhikode,28.23,Customer Visit
01/04/2025 17:23,01/04/2025 17:57,Personal,Palakkad,Hyderabad,14.72,Office
11/27/2025 12:53,11/27/2025 13:51,Business,Thrissur,Malappuram,15.65,Customer Visit
09/22/2025 19:51,09/22/2025 21:29,Personal,Kannur,Malappuram,15.33,Airport
04/04/2025 04:18,04/04/2025 04:42,Personal,Bangalore,Chennai,24.97,Entertainment
04/07/2025 10:01,04/07/2025 10:30,Business,Kozhikode,Hyderabad,7.73,Airport
05/25/2025 08:08,05/25/2025 09:49,Business,Bangalore,Kozhikode,4.52,Meeting
09/10/2025 06:21,09/10/2025 07:24,Personal,Kannur,Chennai,17.03,Meeting
06/19/2025 02:53,06/19/2025 04:39,Personal,Trivandrum,Kozhikode,27.48,Airport
10/06/2025 15:11,10/06/2025 15:45,Business,Kannur,Bangalore,5.59,Customer Visit
07/17/2025 14:15,07/17/2025 15:59,Personal,Kozhikode,Kannur,26.13,Airport
09/24/2025 21:13,09/24/2025 22:23,Personal,Palakkad,Kannur,6.81,Meeting
10/09/2025 16:07,10/09/2025 16:49,Business,Bangalore,Kannur,13.57,Meeting
12/08/2025 06:07,12/08/2025 06:47,Business,Palakkad,Malappuram,7.11,Shopping
10/27/2025 03:25,10/27/2025 05:16,Business,Thrissur,Kozhikode,20.97,Entertainment
12/19/2025 19:09,12/19/2025 20:06,Business,Kochi,Kannur,18.25,Meal
11/17/2025 01:03,11/17/2025 01:58,Business,Trivandrum,Hyderabad,5.72,Customer Visit
06/12/2025 17:50,06/12/2025 19:22,Business,Malappuram,Chennai,2.22,Commute
07/03/2025 23:08,07/03/2025 23:50,Personal,Kozhikode,Chennai,20.23,Entertainment
04/08/2025 18:11,04/08/2025 19:30,Personal,Malappuram,Palakkad,10.72,Office
02/05/2025 16:09,02/05/2025 17:16,Personal,Kannur,Malappuram,16.71,Commute
04/05/2025 00:39,04/05/2025 02:38,Personal,Malappuram,Thrissur,25.65,Commute
04/08/2025 16:43,04/08/2025 17:56,Personal,Chennai,Trivandrum,12.31,Meal
02/26/2025 03:33,02/26/2025 05:07,Business,Kochi,Kozhikode,7.48,Meeting
04/14/2025 03:31,04/14/2025 04:05,Personal,Kochi,Kozhikode,23.54,Shopping
01/26/2025 11:14,01/26/2025 12:41,Business,Kochi,Kozhikode,23.47,Airport
08/28/2025 20:03,08/28/2025 20:59,Personal,Chennai,Palakkad,28.11,Meeting
11/12/2025 08:33,11/12/2025 08:48,Business,Kochi,Malappuram,33.14,Airport
02/21/2025 23:14,02/22/2025 00:32,Business,Palakkad,Thrissur,19.13,Customer Visit
10/19/2025 20:11,10/19/2025 21:32,Business,Chennai,Palakkad,27.17,Meal
12/12/2025 14:44,12/12/2025 16:19,Business,Palakkad,Kochi,28.05,Commute
09/16/2025 10:42,09/16/2025 11:12,Personal,Chennai,Bangalore,31.73,Meal
07/10/2025 13:48,07/10/2025 15:19,Business,Palakkad,Malappuram,20.37,Customer Visit
07/12/2025 17:59,07/12/2025 19:44,Personal,Kannur,Palakkad,16.49,Commute
01/01/2025 23:02,01/01/2025 23:48,Business,Hyderabad,Kozhikode,34.78,Shopping
01/04/2025 09:14,01/04/2025 09:51,Personal,Malappuram,Kozhikode,32.29,Office
02/18/2025 01:29,02/18/2025 02:24,Personal,Trivandrum,Thrissur,13.8,Customer Visit
04/30/2025 08:51,04/30/2025 09:39,Business,Kochi,Bangalore,26.1,Meal
09/05/2025 05:31,09/05/2025 07:26,Personal,Hyderabad,Kochi,2.75,Commute
02/10/2025 01:58,02/10/2025 03:46,Personal,Malappuram,Palakkad,15.45,Airport
04/27/2025 23:41,04/28/2025 01:39,Personal,Hyderabad,Kozhikode,3.31,Meeting
06/13/2025 17:36,06/13/2025 18:05,Business,Malappuram,Hyderabad,6.63,Commute
08/17/2025 19:36,08/17/2025 20:50,Personal,Kochi,Kannur,11.21,Commute
03/17/2025 04:21,03/17/2025 04:41,Personal,Bangalore,Kozhikode,10.3,Commute
09/14/2025 13:49,09/14/2025 15:28,Personal,Trivandrum,Thrissur,20.24,Entertainment
07/22/2025 20:36,07/22/2025 21:11,Business,Chennai,Hyderabad,9.62,Shopping
08/09/2025 10:43,08/09/2025 12:06,Personal,Kochi,Trivandrum,15.69,Meal
04/08/2025 10:22,04/08/2025 11:48,Business,Kozhikode,Malappuram,34.59,Entertainment
11/16/2025 04:28,11/16/2025 04:43,Personal,Thrissur,Kannur,6.73,Airport
02/27/2025 23:03,02/27/2025 23:44,Personal,Hyderabad,Trivandrum,1.96,Airport
06/06/2025 14:30,06/06/2025 14:42,Business,Malappuram,Thrissur,8.33,Shopping
10/08/2025 15:39,10/08/2025 17:22,Personal,Trivandrum,Kozhikode,21.03,Meeting
05/11/2025 05:03,05/11/2025 05:49,Business,Thrissur,Malappuram,17.08,Meeting
02/04/2025 12:42,02/04/2025 13:26,Business,Malappuram,Kochi,11.3,Commute
04/29/2025 12:32,04/29/2025 14:12,Personal,Kochi,Palakkad,30.54,Airport
04/06/2025 06:32,04/06/2025 07:40,Business,Chennai,Kozhikode,9.79,Shopping
06/20/2025 15:25,06/20/2025 17:10,Personal,Trivandrum,Kozhikode,24.42,Meal
11/17/2025 09:15,11/17/2025 10:29,Personal,Kannur,Kozhikode,30.94,Meeting
10/12/2025 08:14,10/12/2025 08:43,Business,Malappuram,Bangalore,4.44,Commute
09/24/2025 21:39,09/24/2025 23:09,Business,Thrissur,Bangalore,20.69,Commute
06/09/2025 19:21,06/09/2025 20:28,Business,Chennai,Trivandrum,23.36,Customer Visit
03/12/2025 09:44,03/12/2025 11:24,Personal,Chennai,Trivandrum,34.86,Office
12/02/2025 18:58,12/02/2025 19:28,Business,Malappuram,Kochi,7.67,Office
01/16/2025 10:56,01/16/2025 11:58,Personal,Palakkad,Kannur,26.48,Shopping
03/19/2025 06:06,03/19/2025 06:32,Personal,Trivandrum,Kozhikode,21.79,Customer Visit
11/02/2025 07:14,11/02/2025 08:51,Business,Kozhikode,Palakkad,24.55,Entertainment
03/10/2025 16:54,03/10/2025 18:21,Business,Bangalore,Malappuram,30.05,Entertainment
08/31/2025 04:10,08/31/2025 04:44,Personal,Thrissur,Kozhikode,27.11,Meeting
05/19/2025 13:14,05/19/2025 14:59,Business,Thrissur,Kannur,7.43,Entertainment
11/12/2025 15:44,11/12/2025 16:35,Personal,Bangalore,Thrissur,15.06,Meeting
11/08/2025 23:52,11/09/2025 00:50,Business,Malappuram,Bangalore,18.94,Entertainment
08/22/2025 01:56,08/22/2025 02:37,Personal,Chennai,Hyderabad,34.46,Meeting
10/13/2025 12:33,10/13/2025 14:20,Personal,Kozhikode,Kannur,16.23,Shopping
05/27/2025 14:10,05/27/2025 15:14,Business,Kannur,Kozhikode,17.03,Entertainment
02/16/2025 23:32,02/16/2025 23:56,Business,Trivandrum,Hyderabad,14.67,Meal
08/19/2025 00:11,08/19/2025 01:19,Personal,Hyderabad,Thrissur,4.52,Meal
12/21/2025 20:58,12/21/2025 22:39,Business,Trivandrum,Kochi,5.32,Entertainment
11/21/2025 11:05,11/21/2025 12:22,Business,Palakkad,Hyderabad,14.19,Commute
01/23/2025 05:58,01/23/2025 06:50,Business,Hyderabad,Trivandrum,30.61,Office
12/31/2025 01:26,12/31/2025 02:15,Personal,Kannur,Chennai,22.49,Airport
03/09/2025 06:00,03/09/2025 07:29,Personal,Kannur,Kozhikode,18.17,Entertainment
10/06/2025 00:38,10/06/2025 01:51,Personal,Thrissur,Kannur,16.7,Entertainment
02/10/2025 19:38,02/10/2025 19:48,Personal,Thrissur,Hyderabad,22.26,Customer Visit
01/26/2025 05:09,01/26/2025 05:26,Business,Malappuram,Kozhikode,30.1,Shopping
06/19/2025 02:03,06/19/2025 02:26,Business,Palakkad,Trivandrum,24.02,Office
08/22/2025 23:37,08/23/2025 00:33,Personal,Kozhikode,Trivandrum,12.31,Commute
02/04/2025 13:53,02/04/2025 15:13,Personal,Kochi,Malappuram,6.01,Shopping
06/18/2025 16:26,06/18/2025 17:43,Business,Thrissur,Kannur,5.16,Airport
09/05/2025 23:44,09/06/2025 01:11,Personal,Kannur,Bangalore,10.2,Meal
03/08/2025 19:36,03/08/2025 20:49,Personal,Chennai,Bangalore,28.57,Customer Visit
12/29/2025 09:12,12/29/2025 09:22,Personal,Kochi,Kozhikode,22.45,Airport
04/17/2025 19:26,04/17/2025 20:28,Personal,Kozhikode,Palakkad,20.27,Customer Visit
01/06/2025 20:12,01/06/2025 21:50,Business,Kannur,Malappuram,11.81,Meal
01/04/2025 03:43,01/04/2025 04:35,Business,Malappuram,Bangalore,29.37,Customer Visit
06/19/2025 10:59,06/19/2025 12:35,Business,Bangalore,Chennai,23.13,Entertainment
03/21/2025 20:29,03/21/2025 22:29,Personal,Chennai,Malappuram,27.76,Commute
01/29/2025 16:19,01/29/2025 17:41,Business,Malappuram,Hyderabad,8.48,Meal
07/01/2025 02:09,07/01/2025 02:54,Personal,Kozhikode,Palakkad,22.49,Office
10/20/2025 19:24,10/20/2025 19:57,Personal,Hyderabad,Kochi,25.13,Meal
12/30/2025 01:17,12/30/2025 02:19,Business,Kochi,Chennai,13.95,Shopping
04/21/2025 16:19,04/21/2025 16:51,Business,Kochi,Palakkad,27.56,Airport
08/16/2025 16:01,08/16/2025 17:53,Business,Bangalore,Hyderabad,7.87,Entertainment
09/26/2025 09:49,09/26/2025 10:40,Business,Trivandrum,Kochi,8.37,Meeting
08/24/2025 12:45,08/24/2025 14:45,Business,Chennai,Kochi,11.92,Meeting
12/18/2025 19:55,12/18/2025 20:16,Business,Malappuram,Chennai,4.95,Shopping
01/12/2025 18:48,01/12/2025 19:37,Business,Thrissur,Palakkad,7.95,Shopping
09/30/2025 10:49,09/30/2025 11:55,Business,Kochi,Malappuram,6.78,Airport
01/08/2025 19:35,01/08/2025 20:50,Personal,Kochi,Kannur,19.9,Shopping
03/14/2025 22:51,03/14/2025 23:37,Business,Hyderabad,Thrissur,3.89,Meal
10/04/2025 14:03,10/04/2025 14:29,Business,Kozhikode,Chennai,5.05,Meeting
02/14/2025 13:25,02/14/2025 13:57,Personal,Hyderabad,Bangalore,11.97,Customer Visit
12/10/2025 17:05,12/10/2025 18:51,Business,Bangalore,Trivandrum,28.73,Entertainment
02/19/2025 14:19,02/19/2025 15:56,Business,Bangalore,Chennai,33.24,Office
11/12/2025 08:58,11/12/2025 09:54,Personal,Palakkad,Trivandrum,27.92,Meal
08/21/2025 15:01,08/21/2025 15:19,Personal,Bangalore,Kochi,17.53,Office
05/25/2025 11:38,05/25/2025 13:01,Business,Trivandrum,Hyderabad,15.09,Airport
06/16/2025 17:41,06/16/2025 18:00,Personal,Kannur,Hyderabad,14.93,Commute
05/03/2025 19:15,05/03/2025 20:35,Personal,Trivandrum,Chennai,3.71,Customer Visit
12/22/2025 18:27,12/22/2025 20:17,Business,Palakkad,Malappuram,7.3,Airport
12/31/2025 18:53,12/31/2025 20:05,Personal,Kochi,Chennai,20.1,Entertainment
04/01/2025 09:25,04/01/2025 09:43,Personal,Hyderabad,Kochi,12.47,Meeting
02/16/2025 06:52,02/16/2025 07:19,Business,Hyderabad,Kozhikode,23.64,Entertainment
09/30/2025 09:24,09/30/2025 10:52,Business,Hyderabad,Bangalore,8.39,Meal
06/03/2025 18:50,06/03/2025 20:26,Personal,Kannur,Bangalore,34.67,Meeting
11/10/2025 16:25,11/10/2025 18:23,Business,Trivandrum,Malappuram,13.87,Meeting
01/01/2025 22:35,01/02/2025 00:30,Personal,Malappuram,Kochi,30.5,Customer Visit
08/10/2025 22:37,08/10/2025 23:37,Personal,Malappuram,Bangalore,14.28,Customer Visit
12/06/2025 05:30,12/06/2025 05:57,Personal,Thrissur,Hyderabad,29.75,Meal
08/02/2025 04:18,08/02/2025 05:53,Business,Trivandrum,Thrissur,3.9,Meeting
03/15/2025 23:56,03/16/2025 01:08,Business,Palakkad,Trivandrum,6.1,Commute
08/22/2025 22:38,08/22/2025 23:42,Personal,Hyderabad,Trivandrum,18.57,Entertainment
07/16/2025 11:14,07/16/2025 11:47,Personal,Palakkad,Kozhikode,29.87,Customer Visit
12/31/2025 16:17,12/31/2025 17:19,Business,Chennai,Malappuram,34.27,Entertainment
12/27/2025 11:07,12/27/2025 12:31,Business,Bangalore,Kochi,25.96,Shopping
08/27/2025 16:05,08/27/2025 17:21,Business,Hyderabad,Kochi,17.33,Airport
12/17/2025 20:34,12/17/2025 22:26,Business,Hyderabad,Kannur,31.77,Meeting
08/29/2025 14:32,08/29/2025 15:42,Personal,Hyderabad,Malappuram,13.32,Shopping
05/29/2025 05:02,05/29/2025 06:40,Personal,Hyderabad,Kannur,3.56,Entertainment
10/24/2025 05:36,10/24/2025 05:52,Personal,Kannur,Kozhikode,17.74,Office
09/16/2025 02:54,09/16/2025 04:44,Business,Kannur,Malappuram,22.13,Shopping
05/12/2025 00:47,05/12/2025 01:11,Business,Hyderabad,Trivandrum,23.58,Meal
03/31/2025 08:50,03/31/2025 10:29,Business,Thrissur,Chennai,28.28,Meeting
06/25/2025 02:09,06/25/2025 03:35,Personal,Trivandrum,Chennai,27.31,Customer Visit
12/05/2025 14:46,12/05/2025 16:17,Personal,Trivandrum,Kannur,3.32,Shopping
03/01/2025 01:10,03/01/2025 02:19,Personal,Palakkad,Chennai,17.45,Customer Visit
07/14/2025 21:45,07/14/2025 22:44,Business,Bangalore,Kannur,19.27,Commute
01/07/2025 09:59,01/07/2025 11:51,Personal,Bangalore,Palakkad,33.72,Meeting
02/19/2025 17:40,02/19/2025 18:35,Personal,Palakkad,Kannur,10.56,Airport
05/11/2025 20:37,05/11/2025 21:37,Business,Bangalore,Thrissur,18.92,Office
06/10/2025 17:00,06/10/2025 18:36,Business,Kozhikode,Trivandrum,15.28,Airport
12/17/2025 14:22,12/17/2025 15:00,Business,Kannur,Malappuram,2.64,Airport
01/30/2025 19:42,01/30/2025 21:38,Business,Thrissur,Kochi,4.39,Office
07/12/2025 21:48,07/12/2025 23:20,Business,Hyderabad,Trivandrum,24.8,Shopping
05/31/2025 14:42,05/31/2025 15:01,Personal,Bangalore,Kannur,24.69,Meal
05/12/2025 05:49,05/12/2025 06:08,Personal,Kannur,Kozhikode,14.52,Meeting
05/13/2025 08:11,05/13/2025 09:17,Business,Kochi,Chennai,21.95,Office
11/27/2025 15:06,11/27/2025 15:34,Business,Chennai,Palakkad,22.07,Airport
08/15/2025 22:16,08/15/2025 22:39,Business,Kozhikode,Trivandrum,20.64,Shopping
08/17/2025 00:57,08/17/2025 02:10,Business,Trivandrum,Kozhikode,23.76,Shopping
03/19/2025 22:21,03/19/2025 23:21,Personal,Hyderabad,Kozhikode,17.52,Commute
02/05/2025 17:14,02/05/2025 17:24,Business,Palakkad,Chennai,20.5,Meal
06/20/2025 21:19,06/20/2025 22:20,Personal,Kozhikode,Trivandrum,19.41,Meal
02/11/2025 14:48,02/11/2025 16:36,Business,Kannur,Thrissur,20.07,Commute
12/05/2025 06:19,12/05/2025 07:58,Personal,Palakkad,Kochi,17.8,Entertainment
04/08/2025 04:02,04/08/2025 04:36,Personal,Kozhikode,Kannur,14.52,Shopping
09/13/2025 17:53,09/13/2025 19:46,Business,Bangalore,Kozhikode,12.87,Meal
01/22/2025 12:07,01/22/2025 12:44,Business,Chennai,Bangalore,26.33,Customer Visit
02/06/2025 01:47,02/06/2025 02:15,Personal,Bangalore,Kozhikode,31.89,Meeting
05/05/2025 22:41,05/05/2025 23:07,Business,Kozhikode,Thrissur,31.81,Airport
08/22/2025 19:10,08/22/2025 21:06,Business,Hyderabad,Kochi,5.33,Customer Visit
02/02/2025 06:27,02/02/2025 07:20,Business,Palakkad,Malappuram,34.19,Office
06/14/2025 06:48,06/14/2025 07:03,Personal,Hyderabad,Trivandrum,3.62,Shopping
03/14/2025 13:10,03/14/2025 14:49,Business,Malappuram,Hyderabad,16.2,Meeting
03/10/2025 03:50,03/10/2025 05:48,Business,Hyderabad,Palakkad,2.02,Entertainment
02/11/2025 00:00,02/11/2025 00:32,Personal,Kochi,Malappuram,24.73,Entertainment
12/21/2025 04:13,12/21/2025 04:41,Personal,Kannur,Hyderabad,15.3,Office
11/09/2025 22:02,11/09/2025 23:28,Business,Trivandrum,Chennai,22.51,Shopping
06/28/2025 13:00,06/28/2025 14:21,Business,Thrissur,Kannur,34.55,Airport
11/13/2025 11:55,11/13/2025 13:42,Business,Chennai,Hyderabad,17.05,Customer Visit
05/22/2025 01:12,05/22/2025 01:36,Personal,Trivandrum,Chennai,7.41,Meeting
01/28/2025 20:23,01/28/2025 21:09,Personal,Thrissur,Bangalore,12.7,Entertainment
01/23/2025 03:47,01/23/2025 04:03,Business,Chennai,Trivandrum,27.81,Entertainment
09/21/2025 03:04,09/21/2025 03:44,Personal,Bangalore,Malappuram,8.16,Meal
04/28/2025 03:20,04/28/2025 03:59,Personal,Kochi,Kannur,30.64,Commute
04/23/2025 02:30,04/23/2025 03:54,Personal,Bangalore,Kozhikode,6.36,Entertainment
04/02/2025 12:23,04/02/2025 12:50,Personal,Bangalore,Thrissur,34.18,Customer Visit
06/21/2025 04:02,06/21/2025 05:40,Personal,Hyderabad,Kozhikode,6.07,Entertainment
08/23/2025 13:10,08/23/2025 14:57,Personal,Malappuram,Thrissur,21.72,Office
10/23/2025 17:54,10/23/2025 18:33,Personal,Kochi,Bangalore,30.38,Customer Visit
10/30/2025 15:53,10/30/2025 17:02,Personal,Kannur,Kozhikode,26.16,Customer Visit
05/07/2025 10:27,05/07/2025 11:51,Business,Thrissur,Trivandrum,15.5,Meeting
01/21/2025 15:46,01/21/2025 17:34,Personal,Chennai,Kozhikode,19.29,Entertainment
12/23/2025 03:28,12/23/2025 04:41,Business,Thrissur,Kochi,24.72,Commute
04/22/2025 04:22,04/22/2025 05:09,Business,Thrissur,Kochi,17.57,Shopping
03/24/2025 22:29,03/25/2025 00:28,Personal,Hyderabad,Kozhikode,17.04,Office
12/27/2025 12:11,12/27/2025 14:02,Business,Malappuram,Chennai,30.32,Airport
07/17/2025 22:21,07/17/2025 23:38,Personal,Kozhikode,Malappuram,26.72,Customer Visit
12/17/2025 02:39,12/17/2025 03:31,Personal,Kozhikode,Hyderabad,31.25,Airport
07/16/2025 11:29,07/16/2025 12:58,Personal,Kozhikode,Palakkad,7.37,Airport
10/15/2025 22:49,10/15/2025 23:25,Business,Trivandrum,Palakkad,19.58,Entertainment
10/25/2025 22:13,10/25/2025 23:59,Personal,Thrissur,Palakkad,31.58,Commute
05/22/2025 01:04,05/22/2025 02:01,Personal,Malappuram,Chennai,18.3,Airport
08/29/2025 22:34,08/30/2025 00:10,Personal,Chennai,Kannur,22.3,Airport
04/07/2025 14:05,04/07/2025 14:25,Personal,Palakkad,Trivandrum,33.6,Airport
02/25/2025 05:17,02/25/2025 05:41,Business,Trivandrum,Chennai,30.81,Meeting
05/31/2025 13:43,05/31/2025 15:02,Personal,Trivandrum,Chennai,15.57,Meeting
05/30/2025 06:04,05/30/2025 06:16,Personal,Thrissur,Hyderabad,15.29,Meal
12/02/2025 20:50,12/02/2025 21:41,Personal,Bangalore,Hyderabad,16.84,Office
06/06/2025 05:50,06/06/2025 06:33,Personal,Thrissur,Chennai,34.02,Meeting
03/17/2025 11:18,03/17/2025 12:26,Personal,Trivandrum,Thrissur,7.61,Office
12/29/2025 22:57,12/30/2025 00:32,Business,Trivandrum,Thrissur,5.42,Meal
10/22/2025 04:28,10/22/2025 05:11,Business,Malappuram,Trivandrum,20.34,Meeting
12/07/2025 10:22,12/07/2025 10:50,Business,Malappuram,Chennai,19.38,Airport
01/13/2025 12:59,01/13/2025 14:12,Personal,Trivandrum,Chennai,6.73,Meal
11/28/2025 22:18,11/28/2025 23:28,Personal,Kannur,Trivandrum,12.85,Airport
09/03/2025 01:08,09/03/2025 02:44,Personal,Chennai,Kochi,2.33,Customer Visit
08/17/2025 11:05,08/17/2025 11:56,Business,Kozhikode,Kannur,27.67,Shopping
04/11/2025 00:05,04/11/2025 01:23,Personal,Bangalore,Kochi,8.01,Meal
11/05/2025 19:32,11/05/2025 19:49,Business,Malappuram,Bangalore,25.48,Commute
07/09/2025 12:23,07/09/2025 12:34,Personal,Kannur,Palakkad,11.82,Entertainment
10/15/2025 02:13,10/15/2025 03:56,Personal,Bangalore,Palakkad,11.17,Commute
08/01/2025 04:53,08/01/2025 06:18,Business,Hyderabad,Kochi,8.46,Entertainment
09/26/2025 10:04,09/26/2025 11:29,Business,Palakkad,Kochi,15.22,Shopping
08/01/2025 05:35,08/01/2025 06:44,Business,Hyderabad,Trivandrum,7.73,Commute
05/29/2025 17:31,05/29/2025 17:46,Personal,Kannur,Malappuram,20.24,Entertainment
04/25/2025 00:50,04/25/2025 01:00,Personal,Trivandrum,Malappuram,33.53,Entertainment
03/05/2025 20:42,03/05/2025 21:28,Personal,Palakkad,Trivandrum,31.88,Customer Visit
01/15/2025 03:48,01/15/2025 04:33,Personal,Bangalore,Kochi,20.97,Commute
05/13/2025 20:43,05/13/2025 21:53,Business,Kochi,Palakkad,29.82,Office
10/25/2025 01:09,10/25/2025 01:59,Personal,Bangalore,Trivandrum,6.97,Shopping
07/04/2025 13:40,07/04/2025 14:35,Personal,Kozhikode,Malappuram,19.24,Airport
09/21/2025 06:49,09/21/2025 08:19,Business,Trivandrum,Kochi,19.71,Meal
12/17/2025 09:17,12/17/2025 10:54,Personal,Malappuram,Kochi,29.08,Meeting
03/12/2025 16:18,03/12/2025 17:15,Personal,Bangalore,Palakkad,32.35,Office
02/22/2025 06:09,02/22/2025 07:23,Business,Thrissur,Kannur,15.48,Airport
03/01/2025 04:59,03/01/2025 05:11,Personal,Bangalore,Malappuram,24.65,Office
08/15/2025 19:33,08/15/2025 21:20,Personal,Malappuram,Trivandrum,2.46,Airport
04/24/2025 04:54,04/24/2025 06:32,Personal,Trivandrum,Kannur,5.7,Office
02/10/2025 13:44,02/10/2025 15:31,Business,Kochi,Trivandrum,27.45,Commute
01/22/2025 06:06,01/22/2025 06:20,Personal,Chennai,Kozhikode,5.48,Shopping
01/23/2025 02:19,01/23/2025 03:54,Business,Kozhikode,Trivandrum,32.32,Customer Visit
10/28/2025 06:11,10/28/2025 07:46,Business,Malappuram,Kozhikode,6.38,Shopping
10/24/2025 11:22,10/24/2025 11:52,Business,Chennai,Thrissur,4.82,Meeting
09/28/2025 06:45,09/28/2025 07:19,Business,Kannur,Trivandrum,34.11,Airport
04/20/2025 16:54,04/20/2025 18:34,Business,Bangalore,Malappuram,16.23,Airport
04/03/2025 11:24,04/03/2025 12:28,Business,Thrissur,Hyderabad,15.15,Meal
03/05/2025 14:07,03/05/2025 15:23,Personal,Trivandrum,Chennai,25.11,Meeting
02/12/2025 10:31,02/12/2025 10:55,Personal,Palakkad,Kannur,21.61,Shopping
12/18/2025 14:14,12/18/2025 15:34,Personal,Palakkad,Kannur,7.82,Airport
09/01/2025 21:23,09/01/2025 21:55,Business,Kozhikode,Chennai,14.78,Airport
03/03/2025 04:25,03/03/2025 05:26,Business,Hyderabad,Kochi,3.67,Customer Visit
06/23/2025 06:38,06/23/2025 08:36,Business,Palakkad,Kochi,29.58,Entertainment
05/23/2025 22:49,05/24/2025 00:13,Personal,Hyderabad,Kannur,13.43,Commute
09/06/2025 16:17,09/06/2025 16:45,Business,Bangalore,Kochi,9.9,Entertainment
04/29/2025 20:08,04/29/2025 20:21,Business,Kochi,Kozhikode,18.19,Meeting
04/02/2025 12:38,04/02/2025 14:14,Personal,Malappuram,Trivandrum,22.34,Airport
02/09/2025 21:48,02/09/2025 23:04,Business,Bangalore,Chennai,11.33,Entertainment
09/09/2025 16:16,09/09/2025 17:35,Business,Malappuram,Hyderabad,33.41,Meeting
08/09/2025 03:24,08/09/2025 04:31,Personal,Malappuram,Bangalore,16.9,Meeting
04/01/2025 17:42,04/01/2025 19:42,Personal,Kannur,Trivandrum,15.93,Shopping
07/19/2025 15:48,07/19/2025 16:12,Personal,Hyderabad,Bangalore,17.44,Office
09/17/2025 01:25,09/17/2025 02:08,Personal,Bangalore,Palakkad,27.18,Shopping
06/14/2025 01:01,06/14/2025 02:26,Personal,Kozhikode,Thrissur,13.19,Meeting
11/17/2025 10:24,11/17/2025 10:46,Personal,Palakkad,Malappuram,15.3,Meeting
12/05/2025 07:15,12/05/2025 07:55,Business,Kannur,Kochi,30.61,Airport
06/22/2025 05:01,06/22/2025 06:19,Personal,Malappuram,Kozhikode,23.54,Commute
10/18/2025 16:57,10/18/2025 18:00,Personal,Kannur,Kozhikode,21.2,Meal
07/13/2025 18:24,07/13/2025 19:15,Personal,Hyderabad,Kochi,4.85,Customer Visit
06/22/2025 15:32,06/22/2025 17:25,Personal,Malappuram,Trivandrum,13.67,Commute
04/14/2025 15:40,04/14/2025 17:38,Business,Kochi,Hyderabad,11.13,Meeting
06/02/2025 18:25,06/02/2025 20:17,Business,Thrissur,Kochi,21.33,Shopping
02/04/2025 18:51,02/04/2025 20:08,Business,Bangalore,Palakkad,13.14,Airport
11/30/2025 09:32,11/30/2025 11:24,Personal,Kannur,Bangalore,8.2,Commute
05/09/2025 19:32,05/09/2025 20:40,Business,Chennai,Trivandrum,22.53,Office
10/23/2025 15:13,10/23/2025 16:47,Personal,Bangalore,Kannur,32.81,Meeting
09/25/2025 06:23,09/25/2025 07:32,Business,Trivandrum,Kannur,26.51,Shopping
08/11/2025 13:20,08/11/2025 15:20,Personal,Kochi,Kannur,10.44,Shopping
11/27/2025 05:16,11/27/2025 06:53,Personal,Hyderabad,Thrissur,9.49,Office
04/09/2025 00:15,04/09/2025 02:07,Personal,Kannur,Chennai,20.25,Commute
08/05/2025 20:57,08/05/2025 21:11,Personal,Thrissur,Trivandrum,6.07,Shopping
05/23/2025 21:35,05/23/2025 22:07,Business,Kozhikode,Chennai,3.35,Airport
06/10/2025 19:19,06/10/2025 21:19,Personal,Kochi,Bangalore,24.0,Airport
07/23/2025 23:53,07/24/2025 00:20,Business,Thrissur,Kochi,18.99,Shopping
09/12/2025 02:15,09/12/2025 03:41,Personal,Kochi,Palakkad,29.38,Commute
05/01/2025 13:13,05/01/2025 13:41,Business,Kochi,Thrissur,33.99,Entertainment
07/29/2025 08:55,07/29/2025 10:20,Personal,Kozhikode,Chennai,24.94,Airport
06/12/2025 17:27,06/12/2025 18:37,Business,Thrissur,Malappuram,13.66,Meal
06/07/2025 00:41,06/07/2025 02:08,Business,Kozhikode,Kochi,9.97,Commute
06/08/2025 20:44,06/08/2025 21:40,Business,Kochi,Hyderabad,30.23,Commute
01/05/2025 12:59,01/05/2025 13:41,Business,Kannur,Kochi,11.46,Office
08/13/2025 20:20,08/13/2025 22:13,Personal,Palakkad,Kozhikode,30.53,Entertainment
08/30/2025 23:26,08/31/2025 01:23,Business,Malappuram,Bangalore,29.12,Shopping
09/17/2025 02:22,09/17/2025 03:25,Personal,Hyderabad,Chennai,16.68,Meeting
01/27/2025 20:41,01/27/2025 21:14,Business,Bangalore,Trivandrum,14.92,Shopping
06/10/2025 18:05,06/10/2025 18:29,Business,Trivandrum,Kannur,29.87,Commute
06/13/2025 14:30,06/13/2025 16:14,Business,Trivandrum,Malappuram,24.53,Meal
05/25/2025 06:05,05/25/2025 07:08,Personal,Malappuram,Trivandrum,30.86,Customer Visit
01/11/2025 00:59,01/11/2025 02:20,Business,Hyderabad,Thrissur,34.13,Customer Visit
05/15/2025 22:54,05/15/2025 23:25,Personal,Kozhikode,Bangalore,21.61,Office
02/15/2025 11:10,02/15/2025 12:32,Personal,Kochi,Kozhikode,27.41,Entertainment
12/11/2025 15:07,12/11/2025 15:45,Personal,Thrissur,Kannur,11.15,Entertainment
07/15/2025 04:27,07/15/2025 06:26,Personal,Thrissur,Kannur,25.84,Customer Visit
08/03/2025 05:26,08/03/2025 07:17,Personal,Trivandrum,Kozhikode,34.2,Customer Visit
11/13/2025 14:58,11/13/2025 15:39,Business,Malappuram,Chennai,1.85,Office
06/15/2025 22:25,06/16/2025 00:02,Personal,Thrissur,Bangalore,26.16,Shopping
02/07/2025 03:35,02/07/2025 03:52,Business,Kozhikode,Palakkad,17.28,Meal
11/07/2025 21:51,11/07/2025 23:17,Personal,Kozhikode,Kochi,18.4,Commute
06/04/2025 12:42,06/04/2025 13:39,Business,Trivandrum,Hyderabad,20.95,Shopping
03/28/2025 16:31,03/28/2025 17:24,Business,Bangalore,Trivandrum,12.13,Commute
03/14/2025 08:07,03/14/2025 08:57,Personal,Kozhikode,Thrissur,30.7,Shopping
07/04/2025 13:18,07/04/2025 14:01,Personal,Hyderabad,Kannur,16.1,Office
06/11/2025 23:31,06/12/2025 01:18,Personal,Trivandrum,Hyderabad,3.28,Office
01/28/2025 07:11,01/28/2025 07:25,Business,Bangalore,Kannur,25.15,Commute
03/01/2025 15:02,03/01/2025 16:08,Personal,Malappuram,Hyderabad,16.83,Airport
03/17/2025 03:22,03/17/2025 03:43,Business,Thrissur,Malappuram,29.47,Shopping
10/16/2025 21:37,10/16/2025 22:14,Business,Hyderabad,Kozhikode,15.45,Airport
05/07/2025 15:43,05/07/2025 16:05,Personal,Malappuram,Kozhikode,24.32,Airport
07/21/2025 11:37,07/21/2025 12:00,Business,Malappuram,Trivandrum,4.22,Entertainment
08/21/2025 20:17,08/21/2025 21:43,Business,Kozhikode,Palakkad,23.48,Entertainment
06/16/2025 23:46,06/17/2025 01:38,Business,Hyderabad,Trivandrum,30.42,Shopping
06/15/2025 01:47,06/15/2025 02:06,Business,Chennai,Palakkad,14.86,Office
05/03/2025 12:05,05/03/2025 12:17,Personal,Thrissur,Trivandrum,27.61,Shopping
11/28/2025 20:09,11/28/2025 20:34,Personal,Kannur,Chennai,26.15,Shopping
12/17/2025 19:08,12/17/2025 20:03,Business,Kochi,Palakkad,17.9,Commute
09/01/2025 08:36,09/01/2025 10:02,Personal,Palakkad,Kochi,28.67,Office
08/11/2025 20:27,08/11/2025 20:48,Personal,Kozhikode,Hyderabad,34.1,Customer Visit
11/28/2025 21:45,11/28/2025 22:14,Business,Bangalore,Hyderabad,11.24,Commute
02/10/2025 15:19,02/10/2025 15:48,Business,Trivandrum,Malappuram,19.02,Shopping
10/19/2025 01:35,10/19/2025 01:54,Business,Kozhikode,Hyderabad,18.61,Commute
02/18/2025 14:42,02/18/2025 16:24,Personal,Hyderabad,Kannur,10.04,Airport
09/15/2025 00:07,09/15/2025 01:51,Business,Bangalore,Trivandrum,29.74,Meeting
02/12/2025 13:56,02/12/2025 15:36,Personal,Kannur,Palakkad,26.87,Entertainment
11/16/2025 08:21,11/16/2025 10:14,Business,Trivandrum,Kannur,4.12,Shopping
12/11/2025 03:27,12/11/2025 04:45,Personal,Kozhikode,Kochi,5.41,Office
12/02/2025 15:29,12/02/2025 17:07,Personal,Palakkad,Chennai,22.22,Meal
12/20/2025 21:44,12/20/2025 23:20,Business,Palakkad,Kannur,5.69,Meeting
04/08/2025 03:52,04/08/2025 04:04,Business,Thrissur,Kozhikode,17.62,Office
11/29/2025 07:27,11/29/2025 09:24,Business,Chennai,Thrissur,11.58,Entertainment
03/17/2025 15:27,03/17/2025 15:39,Business,Kochi,Thrissur,26.25,Entertainment
09/06/2025 15:01,09/06/2025 17:01,Business,Bangalore,Thrissur,11.38,Commute
01/27/2025 10:00,01/27/2025 10:23,Personal,Palakkad,Bangalore,26.19,Shopping
01/19/2025 15:25,01/19/2025 16:37,Business,Chennai,Bangalore,25.43,Meeting
08/05/2025 18:20,08/05/2025 19:40,Personal,Kochi,Malappuram,31.29,Airport
09/11/2025 19:41,09/11/2025 20:35,Business,Bangalore,Palakkad,6.9,Customer Visit
08/29/2025 11:28,08/29/2025 12:07,Personal,Chennai,Thrissur,32.38,Entertainment
03/09/2025 09:46,03/09/2025 11:27,Personal,Palakkad,Bangalore,28.17,Office
11/15/2025 06:18,11/15/2025 07:56,Business,Kochi,Chennai,7.31,Office
11/07/2025 15:06,11/07/2025 16:57,Personal,Palakkad,Chennai,9.36,Meeting
01/10/2025 11:56,01/10/2025 12:39,Business,Malappuram,Trivandrum,29.24,Meeting
02/02/2025 10:27,02/02/2025 10:51,Business,Hyderabad,Thrissur,20.33,Entertainment
05/13/2025 10:50,05/13/2025 11:45,Personal,Kozhikode,Hyderabad,31.53,Airport
12/28/2025 01:59,12/28/2025 03:05,Business,Bangalore,Kochi,27.69,Airport
10/15/2025 01:32,10/15/2025 01:55,Business,Trivandrum,Kochi,32.02,Office
05/30/2025 22:28,05/31/2025 00:15,Business,Chennai,Bangalore,6.67,Meal
06/21/2025 04:07,06/21/2025 06:05,Personal,Thrissur,Chennai,27.27,Meeting
05/06/2025 15:21,05/06/2025 16:07,Business,Chennai,Trivandrum,10.41,Commute
07/04/2025 20:42,07/04/2025 21:23,Personal,Trivandrum,Hyderabad,27.87,Office
08/08/2025 13:58,08/08/2025 15:00,Personal,Bangalore,Hyderabad,33.12,Entertainment
03/16/2025 00:45,03/16/2025 02:38,Business,Chennai,Kochi,12.83,Commute
03/26/2025 13:03,03/26/2025 14:03,Business,Kozhikode,Thrissur,34.25,Shopping
08/03/2025 12:56,08/03/2025 14:33,Personal,Chennai,Kannur,31.96,Meeting
05/24/2025 16:39,05/24/2025 17:07,Business,Palakkad,Chennai,31.23,Entertainment
12/24/2025 11:56,12/24/2025 13:49,Personal,Palakkad,Thrissur,4.32,Meal
07/19/2025 23:46,07/20/2025 01:30,Personal,Trivandrum,Hyderabad,8.66,Shopping
09/24/2025 10:48,09/24/2025 12:19,Business,Trivandrum,Kozhikode,31.33,Shopping
05/04/2025 09:46,05/04/2025 10:50,Business,Chennai,Kochi,29.69,Shopping
11/18/2025 16:22,11/18/2025 16:47,Personal,Kozhikode,Trivandrum,11.48,Meeting
08/21/2025 10:15,08/21/2025 12:08,Business,Hyderabad,Chennai,13.24,Shopping
12/08/2025 22:36,12/09/2025 00:12,Business,Trivandrum,Bangalore,5.03,Customer Visit
07/04/2025 14:06,07/04/2025 14:34,Business,Palakkad,Bangalore,4.59,Commute
03/08/2025 15:13,03/08/2025 16:20,Personal,Kochi,Palakkad,21.21,Commute
05/16/2025 18:31,05/16/2025 20:02,Personal,Palakkad,Chennai,26.01,Commute
03/25/2025 04:32,03/25/2025 04:58,Business,Bangalore,Chennai,33.93,Airport
12/22/2025 06:29,12/22/2025 07:39,Personal,Kozhikode,Thrissur,32.38,Airport
11/05/2025 13:07,11/05/2025 13:32,Business,Malappuram,Kannur,19.01,Airport
07/10/2025 09:23,07/10/2025 10:11,Business,Kannur,Chennai,28.01,Office
10/29/2025 13:03,10/29/2025 13:52,Business,Kannur,Thrissur,28.94,Entertainment
01/02/2025 03:35,01/02/2025 04:29,Personal,Kochi,Kozhikode,17.62,Shopping
10/17/2025 14:57,10/17/2025 15:50,Business,Palakkad,Chennai,27.03,Entertainment
08/19/2025 21:28,08/19/2025 21:57,Personal,Malappuram,Kochi,14.47,Commute
06/23/2025 17:02,06/23/2025 18:37,Business,Bangalore,Kannur,30.51,Meeting
10/20/2025 20:50,10/20/2025 22:38,Business,Kannur,Hyderabad,23.07,Airport
04/09/2025 19:34,04/09/2025 20:57,Business,Kozhikode,Hyderabad,26.64,Meeting
03/03/2025 21:59,03/03/2025 23:17,Personal,Trivandrum,Kozhikode,27.86,Customer Visit
12/28/2025 18:28,12/28/2025 18:48,Personal,Chennai,Malappuram,21.23,Entertainment
01/12/2025 10:27,01/12/2025 11:00,Personal,Palakkad,Kozhikode,14.3,Airport
02/28/2025 03:34,02/28/2025 04:05,Business,Kannur,Trivandrum,10.06,Airport
03/20/2025 09:26,03/20/2025 11:02,Personal,Trivandrum,Kozhikode,7.58,Meeting
06/02/2025 12:06,06/02/2025 12:56,Personal,Trivandrum,Bangalore,10.14,Airport
01/27/2025 06:15,01/27/2025 08:01,Personal,Hyderabad,Thrissur,18.54,Commute
02/28/2025 08:03,02/28/2025 08:53,Personal,Bangalore,Hyderabad,3.69,Meeting
07/28/2025 20:14,07/28/2025 20:26,Business,Kannur,Hyderabad,9.75,Office
